Road Code,Road Name,Start Time,End Time,Length of Operation (minutes),Total Number of Vehicles,Number of Class 1 Vehicles,Number of Class 2 Vehicles,Number of Class 3 Vehicles,Number of Class 4 Vehicles,Number of Class 5 Vehicles,Average Speed,Number of Illegal Speed Violations,Number of Illegal Distance Violations,Number of Illegal Overtaking Violations,Estimated Number
543556,آزادراه قزوين - رشت (رستم‌آباد - امامزاده هاشم),1397/12/01 00:00:00,1397/12/02 00:00:00,1295.0,16352,16040,55,30,94,133,99.0,458.0,2711.0,0.0,17300.0
543556,آزادراه قزوين - رشت (رستم‌آباد - امامزاده هاشم),1397/12/02 00:00:00,1397/12/03 00:00:00,1415.0,19996,19551,106,51,101,187,99.0,541.0,3482.0,0.0,20312.0
543556,آزادراه قزوين - رشت (رستم‌آباد - امامزاده هاشم),1397/12/03 00:00:00,1397/12/04 00:00:00,1440.0,15629,15272,59,29,102,167,98.0,405.0,2333.0,0.0,15629.0
543556,آزادراه قزوين - رشت (رستم‌آباد - امامزاده هاشم),1397/12/04 00:00:00,1397/12/05 00:00:00,1440.0,12942,12585,50,40,111,156,98.0,326.0,1393.0,0.0,12942.0
543556,آزادراه قزوين - رشت (رستم‌آباد - امامزاده هاشم),1397/12/05 00:00:00,1397/12/06 00:00:00,1440.0,12242,11903,60,36,108,135,98.0,342.0,1237.0,0.0,12242.0
543556,آزادراه قزوين - رشت (رستم‌آباد - امامزاده هاشم),1397/12/06 00:00:00,1397/12/07 00:00:00,1440.0,12215,11886,61,40,101,127,97.0,310.0,1285.0,0.0,12215.0
543556,آزادراه قزوين - رشت (رستم‌آباد - امامزاده هاشم),1397/12/07 00:00:00,1397/12/08 00:00:00,1440.0,13276,12940,51,44,102,139,98.0,328.0,1506.0,0.0,13276.0
543556,آزادراه قزوين - رشت (رستم‌آباد - امامزاده هاشم),1397/12/08 00:00:00,1397/12/09 00:00:00,1440.0,18623,17873,238,131,144,237,98.0,538.0,3660.0,0.0,18623.0
543556,آزادراه قزوين - رشت (رستم‌آباد - امامزاده هاشم),1397/12/09 00:00:00,1397/12/10 00:00:00,1440.0,19343,18980,61,38,126,138,98.0,525.0,3257.0,0.0,19343.0
543556,آزادراه قزوين - رشت (رستم‌آباد - امامزاده هاشم),1397/12/10 00:00:00,1397/12/11 00:00:00,1440.0,14990,14612,59,35,108,176,97.0,358.0,2116.0,0.0,14990.0
543556,آزادراه قزوين - رشت (رستم‌آباد - امامزاده هاشم),1397/12/11 00:00:00,1397/12/12 00:00:00,1440.0,12884,12532,43,42,114,153,98.0,366.0,1463.0,0.0,12884.0
543556,آزادراه قزوين - رشت (رستم‌آباد - امامزاده هاشم),1397/12/12 00:00:00,1397/12/13 00:00:00,1425.0,12258,11937,56,37,90,138,98.0,387.0,1338.0,0.0,12406.0
543556,آزادراه قزوين - رشت (رستم‌آباد - امامزاده هاشم),1397/12/13 00:00:00,1397/12/14 00:00:00,1430.0,12200,11845,60,35,125,135,98.0,339.0,1298.0,0.0,12276.0
543556,آزادراه قزوين - رشت (رستم‌آباد - امامزاده هاشم),1397/12/14 00:00:00,1397/12/15 00:00:00,1430.0,13282,12934,66,43,94,145,99.0,383.0,1567.0,0.0,13392.0
543556,آزادراه قزوين - رشت (رستم‌آباد - امامزاده هاشم),1397/12/15 00:00:00,1397/12/16 00:00:00,1440.0,18072,17693,77,42,103,157,99.0,537.0,3184.0,0.0,18072.0
543556,آزادراه قزوين - رشت (رستم‌آباد - امامزاده هاشم),1397/12/16 00:00:00,1397/12/17 00:00:00,1435.0,19874,19500,74,33,90,177,99.0,608.0,3336.0,0.0,19899.0
543556,آزادراه قزوين - رشت (رستم‌آباد - امامزاده هاشم),1397/12/17 00:00:00,1397/12/18 00:00:00,1440.0,14221,13847,55,42,144,133,92.0,177.0,1650.0,0.0,14221.0
543556,آزادراه قزوين - رشت (رستم‌آباد - امامزاده هاشم),1397/12/18 00:00:00,1397/12/19 00:00:00,1440.0,12191,11840,60,30,113,148,96.0,285.0,1233.0,0.0,12191.0
543556,آزادراه قزوين - رشت (رستم‌آباد - امامزاده هاشم),1397/12/19 00:00:00,1397/12/20 00:00:00,1440.0,12746,12420,50,43,96,137,98.0,352.0,1436.0,0.0,12746.0
543556,آزادراه قزوين - رشت (رستم‌آباد - امامزاده هاشم),1397/12/20 00:00:00,1397/12/21 00:00:00,1410.0,12461,12088,66,42,115,150,98.0,337.0,1356.0,0.0,12775.0
543556,آزادراه قزوين - رشت (رستم‌آباد - امامزاده هاشم),1397/12/21 00:00:00,1397/12/22 00:00:00,985.0,10772,10519,52,19,63,119,98.0,309.0,1410.0,0.0,13655.0
543556,آزادراه قزوين - رشت (رستم‌آباد - امامزاده هاشم),1397/12/22 00:00:00,1397/12/23 00:00:00,1440.0,17665,17246,82,46,118,173,99.0,556.0,2731.0,0.0,17665.0
543556,آزادراه قزوين - رشت (رستم‌آباد - امامزاده هاشم),1397/12/23 00:00:00,1397/12/24 00:00:00,1440.0,20505,20070,85,54,124,172,97.0,448.0,3524.0,0.0,20505.0
543556,آزادراه قزوين - رشت (رستم‌آباد - امامزاده هاشم),1397/12/24 00:00:00,1397/12/25 00:00:00,1440.0,17395,16978,80,37,145,155,97.0,367.0,2721.0,0.0,17395.0
543556,آزادراه قزوين - رشت (رستم‌آباد - امامزاده هاشم),1397/12/25 00:00:00,1397/12/26 00:00:00,1440.0,17053,16654,78,33,123,165,99.0,528.0,2625.0,0.0,17053.0
543556,آزادراه قزوين - رشت (رستم‌آباد - امامزاده هاشم),1397/12/26 00:00:00,1397/12/27 00:00:00,1440.0,20570,20149,76,41,135,169,96.0,401.0,3775.0,0.0,20570.0
543556,آزادراه قزوين - رشت (رستم‌آباد - امامزاده هاشم),1397/12/27 00:00:00,1397/12/28 00:00:00,1440.0,31010,30503,102,51,170,184,96.0,499.0,9205.0,0.0,31010.0
543556,آزادراه قزوين - رشت (رستم‌آباد - امامزاده هاشم),1397/12/28 00:00:00,1397/12/29 00:00:00,1435.0,43817,43232,121,54,182,228,93.0,370.0,17719.0,0.0,44006.0
543556,آزادراه قزوين - رشت (رستم‌آباد - امامزاده هاشم),1397/12/29 00:00:00,1398/01/01 00:00:00,1440.0,50738,50182,130,52,137,237,92.0,412.0,23689.0,0.0,50738.0
543556,آزادراه قزوين - رشت (رستم‌آباد - امامزاده هاشم),1401/12/01 00:00:00,1401/12/02 00:00:00,1435.0,17485,16922,306,76,147,34,93.0,198.0,1216.0,0.0,17522.0
543556,آزادراه قزوين - رشت (رستم‌آباد - امامزاده هاشم),1401/12/02 00:00:00,1401/12/03 00:00:00,1365.0,17414,16839,333,70,139,33,92.0,187.0,1285.0,0.0,18792.0
543556,آزادراه قزوين - رشت (رستم‌آباد - امامزاده هاشم),1401/12/03 00:00:00,1401/12/04 00:00:00,1375.0,21806,21182,396,60,148,20,94.0,328.0,2258.0,0.0,22858.0
543556,آزادراه قزوين - رشت (رستم‌آباد - امامزاده هاشم),1401/12/04 00:00:00,1401/12/05 00:00:00,1320.0,22152,21542,368,59,160,23,91.0,206.0,2252.0,0.0,24351.0
543556,آزادراه قزوين - رشت (رستم‌آباد - امامزاده هاشم),1401/12/05 00:00:00,1401/12/06 00:00:00,1390.0,18501,18057,203,63,153,25,87.0,63.0,1268.0,0.0,18823.0
543556,آزادراه قزوين - رشت (رستم‌آباد - امامزاده هاشم),1401/12/06 00:00:00,1401/12/07 00:00:00,1395.0,16611,16122,255,48,160,26,91.0,130.0,1122.0,0.0,16959.0
543556,آزادراه قزوين - رشت (رستم‌آباد - امامزاده هاشم),1401/12/07 00:00:00,1401/12/08 00:00:00,1430.0,16708,16373,130,52,134,19,88.0,80.0,751.0,0.0,16875.0
543556,آزادراه قزوين - رشت (رستم‌آباد - امامزاده هاشم),1401/12/08 00:00:00,1401/12/09 00:00:00,1240.0,14614,14332,93,76,110,3,89.0,81.0,651.0,0.0,17075.0
543556,آزادراه قزوين - رشت (رستم‌آباد - امامزاده هاشم),1401/12/09 00:00:00,1401/12/10 00:00:00,1400.0,17549,17242,99,77,127,4,89.0,116.0,888.0,0.0,18228.0
543556,آزادراه قزوين - رشت (رستم‌آباد - امامزاده هاشم),1401/12/10 00:00:00,1401/12/11 00:00:00,1400.0,22565,22234,126,60,133,12,90.0,142.0,1614.0,0.0,22944.0
543556,آزادراه قزوين - رشت (رستم‌آباد - امامزاده هاشم),1401/12/11 00:00:00,1401/12/12 00:00:00,1430.0,23913,23558,132,88,130,5,90.0,160.0,1592.0,0.0,24043.0
543556,آزادراه قزوين - رشت (رستم‌آباد - امامزاده هاشم),1401/12/12 00:00:00,1401/12/13 00:00:00,1400.0,19140,18831,100,76,132,1,89.0,90.0,1104.0,0.0,20069.0
543556,آزادراه قزوين - رشت (رستم‌آباد - امامزاده هاشم),1401/12/13 00:00:00,1401/12/14 00:00:00,1440.0,17237,16933,101,74,123,6,89.0,88.0,736.0,0.0,17237.0
543556,آزادراه قزوين - رشت (رستم‌آباد - امامزاده هاشم),1401/12/14 00:00:00,1401/12/15 00:00:00,1360.0,15828,15539,104,67,114,4,89.0,87.0,634.0,0.0,17270.0
543556,آزادراه قزوين - رشت (رستم‌آباد - امامزاده هاشم),1401/12/15 00:00:00,1401/12/16 00:00:00,1430.0,19072,18760,112,74,119,7,90.0,152.0,1005.0,0.0,19237.0
543556,آزادراه قزوين - رشت (رستم‌آباد - امامزاده هاشم),1401/12/16 00:00:00,1401/12/17 00:00:00,1355.0,24214,23902,115,74,121,2,88.0,98.0,1996.0,0.0,26557.0
543556,آزادراه قزوين - رشت (رستم‌آباد - امامزاده هاشم),1401/12/17 00:00:00,1401/12/18 00:00:00,1425.0,31163,30834,130,63,131,5,89.0,153.0,3064.0,0.0,31609.0
543556,آزادراه قزوين - رشت (رستم‌آباد - امامزاده هاشم),1401/12/18 00:00:00,1401/12/19 00:00:00,1435.0,19067,18747,112,91,115,2,83.0,26.0,784.0,0.0,19161.0
543556,آزادراه قزوين - رشت (رستم‌آباد - امامزاده هاشم),1401/12/19 00:00:00,1401/12/20 00:00:00,1295.0,17872,17592,93,79,102,6,88.0,79.0,1089.0,0.0,21037.0
543556,آزادراه قزوين - رشت (رستم‌آباد - امامزاده هاشم),1401/12/20 00:00:00,1401/12/20 23:55:00,1435.0,18945,18653,109,66,114,3,90.0,106.0,966.0,0.0,18989.0
543556,آزادراه قزوين - رشت (رستم‌آباد - امامزاده هاشم),1401/12/21 00:00:00,1401/12/22 00:00:00,1355.0,17894,17608,112,66,103,5,89.0,97.0,936.0,0.0,19243.0
543556,آزادراه قزوين - رشت (رستم‌آباد - امامزاده هاشم),1401/12/22 00:00:00,1401/12/23 00:00:00,1305.0,18895,18605,100,69,115,6,89.0,83.0,1102.0,0.0,20317.0
543556,آزادراه قزوين - رشت (رستم‌آباد - امامزاده هاشم),1401/12/23 00:00:00,1401/12/24 00:00:00,1410.0,19685,19369,105,88,120,3,89.0,84.0,1029.0,0.0,20044.0
543556,آزادراه قزوين - رشت (رستم‌آباد - امامزاده هاشم),1401/12/24 00:00:00,1401/12/25 00:00:00,1420.0,24594,24252,130,86,120,6,89.0,110.0,1940.0,0.0,24942.0
543556,آزادراه قزوين - رشت (رستم‌آباد - امامزاده هاشم),1401/12/25 00:00:00,1401/12/26 00:00:00,1425.0,33324,32890,194,93,143,4,89.0,156.0,3769.0,0.0,33538.0
543556,آزادراه قزوين - رشت (رستم‌آباد - امامزاده هاشم),1401/12/26 00:00:00,1401/12/26 23:40:00,1410.0,37993,37440,255,92,176,30,87.0,175.0,5290.0,0.0,38588.0
543556,آزادراه قزوين - رشت (رستم‌آباد - امامزاده هاشم),1401/12/27 00:25:00,1401/12/28 00:00:00,1310.0,33567,33154,173,89,147,4,89.0,143.0,4454.0,0.0,36836.0
543556,آزادراه قزوين - رشت (رستم‌آباد - امامزاده هاشم),1401/12/28 00:00:00,1401/12/29 00:00:00,1100.0,41463,41017,224,96,121,5,87.0,147.0,7714.0,0.0,50862.0
543556,آزادراه قزوين - رشت (رستم‌آباد - امامزاده هاشم),1401/12/29 00:00:00,1402/01/01 00:00:00,1355.0,56117,55555,274,110,169,9,81.0,139.0,9206.0,0.0,60488.0
543556,آزادراه قزوين - رشت (رستم‌آباد - امامزاده هاشم),1398/01/01 00:00:00,1398/01/02 00:00:00,1440.0,47943,47482,119,42,109,191,90.0,507.0,21671.0,0.0,47943.0
543556,آزادراه قزوين - رشت (رستم‌آباد - امامزاده هاشم),1398/01/02 00:00:00,1398/01/03 00:00:00,1380.0,48258,47746,125,44,117,226,91.0,435.0,24188.0,0.0,49416.0
543556,آزادراه قزوين - رشت (رستم‌آباد - امامزاده هاشم),1398/01/03 00:00:00,1398/01/04 00:00:00,1440.0,45123,44444,200,98,127,254,87.0,418.0,20453.0,0.0,45123.0
543556,آزادراه قزوين - رشت (رستم‌آباد - امامزاده هاشم),1398/01/04 00:00:00,1398/01/05 00:00:00,1440.0,40570,40079,110,36,109,236,92.0,338.0,16787.0,0.0,40570.0
543556,آزادراه قزوين - رشت (رستم‌آباد - امامزاده هاشم),1398/01/05 00:00:00,1398/01/06 00:00:00,1440.0,33550,33126,72,49,112,191,88.0,160.0,11416.0,0.0,33550.0
543556,آزادراه قزوين - رشت (رستم‌آباد - امامزاده هاشم),1398/01/06 00:00:00,1398/01/07 00:00:00,1440.0,24599,24191,68,40,148,152,94.0,316.0,6107.0,0.0,24599.0
543556,آزادراه قزوين - رشت (رستم‌آباد - امامزاده هاشم),1398/01/07 00:00:00,1398/01/08 00:00:00,1440.0,39543,39067,85,49,141,201,96.0,493.0,17472.0,0.0,39543.0
543556,آزادراه قزوين - رشت (رستم‌آباد - امامزاده هاشم),1398/01/08 00:00:00,1398/01/09 00:00:00,1440.0,44203,43694,126,46,121,216,93.0,478.0,19628.0,0.0,44203.0
543556,آزادراه قزوين - رشت (رستم‌آباد - امامزاده هاشم),1398/01/09 00:00:00,1398/01/10 00:00:00,1440.0,40618,40156,85,59,112,206,94.0,391.0,16744.0,0.0,40618.0
543556,آزادراه قزوين - رشت (رستم‌آباد - امامزاده هاشم),1398/01/10 00:00:00,1398/01/11 00:00:00,1440.0,32695,32276,76,40,104,199,94.0,368.0,10779.0,0.0,32695.0
543556,آزادراه قزوين - رشت (رستم‌آباد - امامزاده هاشم),1398/01/11 00:00:00,1398/01/12 00:00:00,1440.0,33207,32778,73,31,111,214,93.0,276.0,11246.0,0.0,33207.0
543556,آزادراه قزوين - رشت (رستم‌آباد - امامزاده هاشم),1398/01/12 00:00:00,1398/01/13 00:00:00,1440.0,22610,22212,54,35,130,179,93.0,213.0,4930.0,0.0,22610.0
543556,آزادراه قزوين - رشت (رستم‌آباد - امامزاده هاشم),1398/01/13 00:00:00,1398/01/14 00:00:00,1430.0,15685,15359,58,29,90,149,95.0,315.0,3126.0,0.0,15741.0
543556,آزادراه قزوين - رشت (رستم‌آباد - امامزاده هاشم),1398/01/14 00:00:00,1398/01/15 00:00:00,1440.0,17865,17394,56,32,135,248,97.0,341.0,3409.0,0.0,17865.0
543556,آزادراه قزوين - رشت (رستم‌آباد - امامزاده هاشم),1398/01/15 00:00:00,1398/01/16 00:00:00,1410.0,14626,14034,48,47,196,301,97.0,333.0,2158.0,0.0,15037.0
543556,آزادراه قزوين - رشت (رستم‌آباد - امامزاده هاشم),1398/01/16 00:00:00,1398/01/17 00:00:00,1440.0,14036,13403,55,40,220,318,96.0,269.0,1992.0,0.0,14036.0
543556,آزادراه قزوين - رشت (رستم‌آباد - امامزاده هاشم),1398/01/17 00:00:00,1398/01/18 00:00:00,1385.0,10311,9869,44,34,155,209,96.0,201.0,903.0,0.0,10730.0
543556,آزادراه قزوين - رشت (رستم‌آباد - امامزاده هاشم),1398/01/18 00:00:00,1398/01/19 00:00:00,1440.0,10365,9977,48,42,130,168,95.0,194.0,839.0,0.0,10365.0
543556,آزادراه قزوين - رشت (رستم‌آباد - امامزاده هاشم),1398/01/19 00:00:00,1398/01/20 00:00:00,1440.0,10662,10286,57,41,108,170,97.0,229.0,981.0,0.0,10662.0
543556,آزادراه قزوين - رشت (رستم‌آباد - امامزاده هاشم),1398/01/20 00:00:00,1398/01/21 00:00:00,1440.0,11632,11288,58,38,112,136,98.0,293.0,1234.0,0.0,11632.0
543556,آزادراه قزوين - رشت (رستم‌آباد - امامزاده هاشم),1398/01/21 00:00:00,1398/01/22 00:00:00,1440.0,15363,15023,58,35,84,163,98.0,363.0,2260.0,0.0,15363.0
543556,آزادراه قزوين - رشت (رستم‌آباد - امامزاده هاشم),1398/01/22 00:00:00,1398/01/23 00:00:00,1440.0,17023,16654,72,39,80,178,98.0,379.0,2644.0,0.0,17023.0
543556,آزادراه قزوين - رشت (رستم‌آباد - امامزاده هاشم),1398/01/23 00:00:00,1398/01/24 00:00:00,1430.0,13803,13418,73,48,104,160,96.0,261.0,1810.0,0.0,13967.0
543556,آزادراه قزوين - رشت (رستم‌آباد - امامزاده هاشم),1398/01/24 00:00:00,1398/01/25 00:00:00,1440.0,11457,11118,45,26,117,151,97.0,234.0,1028.0,0.0,11457.0
543556,آزادراه قزوين - رشت (رستم‌آباد - امامزاده هاشم),1398/01/25 00:00:00,1398/01/26 00:00:00,1440.0,11706,11378,58,39,87,144,97.0,214.0,1280.0,0.0,11706.0
543556,آزادراه قزوين - رشت (رستم‌آباد - امامزاده هاشم),1398/01/26 00:00:00,1398/01/27 00:00:00,1440.0,11852,11527,69,29,82,145,97.0,265.0,1214.0,0.0,11852.0
543556,آزادراه قزوين - رشت (رستم‌آباد - امامزاده هاشم),1398/01/27 00:00:00,1398/01/28 00:00:00,1440.0,13336,12941,68,48,120,159,98.0,330.0,1595.0,0.0,13336.0
543556,آزادراه قزوين - رشت (رستم‌آباد - امامزاده هاشم),1398/01/28 00:00:00,1398/01/29 00:00:00,1440.0,21547,21133,94,36,117,167,99.0,596.0,5095.0,0.0,21547.0
543556,آزادراه قزوين - رشت (رستم‌آباد - امامزاده هاشم),1398/01/29 00:00:00,1398/01/30 00:00:00,1440.0,33247,32771,111,61,97,207,98.0,726.0,10067.0,0.0,33247.0
543556,آزادراه قزوين - رشت (رستم‌آباد - امامزاده هاشم),1398/01/30 00:00:00,1398/01/31 00:00:00,1440.0,20890,20483,68,49,113,177,94.0,260.0,3940.0,0.0,20890.0
543556,آزادراه قزوين - رشت (رستم‌آباد - امامزاده هاشم),1398/01/31 00:00:00,1398/02/01 00:00:00,1420.0,13649,13315,56,37,111,130,96.0,231.0,1520.0,0.0,13716.0
543556,آزادراه قزوين - رشت (رستم‌آباد - امامزاده هاشم),1399/12/01 00:00:00,1399/12/02 00:00:00,1440.0,9837,9515,70,21,161,70,99.0,627.0,837.0,0.0,9837.0
543556,آزادراه قزوين - رشت (رستم‌آباد - امامزاده هاشم),1399/12/02 00:00:00,1399/12/03 00:00:00,1440.0,9837,9469,109,28,151,80,95.0,456.0,795.0,0.0,9837.0
543556,آزادراه قزوين - رشت (رستم‌آباد - امامزاده هاشم),1399/12/03 00:00:00,1399/12/04 00:00:00,1440.0,10225,9876,95,39,140,75,94.0,424.0,831.0,0.0,10225.0
543556,آزادراه قزوين - رشت (رستم‌آباد - امامزاده هاشم),1399/12/04 00:00:00,1399/12/05 00:00:00,1375.0,10470,10130,103,32,119,86,98.0,611.0,1051.0,0.0,10960.0
543556,آزادراه قزوين - رشت (رستم‌آباد - امامزاده هاشم),1399/12/05 00:00:00,1399/12/06 00:00:00,1435.0,12655,12265,131,38,144,77,100.0,969.0,1420.0,0.0,12700.0
543556,آزادراه قزوين - رشت (رستم‌آباد - امامزاده هاشم),1399/12/06 00:00:00,1399/12/07 00:00:00,1440.0,13788,13404,123,42,131,88,95.0,502.0,1619.0,0.0,13788.0
543556,آزادراه قزوين - رشت (رستم‌آباد - امامزاده هاشم),1399/12/07 00:00:00,1399/12/08 00:00:00,1440.0,10516,10181,91,25,153,66,97.0,601.0,868.0,0.0,10516.0
543556,آزادراه قزوين - رشت (رستم‌آباد - امامزاده هاشم),1399/12/08 00:00:00,1399/12/09 00:00:00,1440.0,9757,9413,97,19,138,90,99.0,648.0,943.0,0.0,9757.0
543556,آزادراه قزوين - رشت (رستم‌آباد - امامزاده هاشم),1399/12/09 00:00:00,1399/12/10 00:00:00,1440.0,10789,10423,111,31,143,81,99.0,712.0,1018.0,0.0,10789.0
543556,آزادراه قزوين - رشت (رستم‌آباد - امامزاده هاشم),1399/12/10 00:00:00,1399/12/11 00:00:00,1440.0,11556,11181,125,26,141,83,98.0,716.0,1084.0,0.0,11556.0
543556,آزادراه قزوين - رشت (رستم‌آباد - امامزاده هاشم),1399/12/11 00:00:00,1399/12/12 00:00:00,1440.0,11448,11100,114,27,143,64,96.0,470.0,1079.0,0.0,11448.0
543556,آزادراه قزوين - رشت (رستم‌آباد - امامزاده هاشم),1399/12/12 00:00:00,1399/12/13 00:00:00,1440.0,12197,11815,126,31,147,78,99.0,816.0,1255.0,0.0,12197.0
543556,آزادراه قزوين - رشت (رستم‌آباد - امامزاده هاشم),1399/12/13 00:00:00,1399/12/14 00:00:00,1440.0,14910,14485,158,34,138,95,100.0,1158.0,1939.0,0.0,14910.0
543556,آزادراه قزوين - رشت (رستم‌آباد - امامزاده هاشم),1399/12/14 00:00:00,1399/12/15 00:00:00,1440.0,14569,14152,137,38,153,89,100.0,1194.0,1665.0,0.0,14569.0
543556,آزادراه قزوين - رشت (رستم‌آباد - امامزاده هاشم),1399/12/15 00:00:00,1399/12/16 00:00:00,1440.0,11336,11011,76,22,158,69,96.0,531.0,1059.0,0.0,11336.0
543556,آزادراه قزوين - رشت (رستم‌آباد - امامزاده هاشم),1399/12/16 00:00:00,1399/12/17 00:00:00,1440.0,11296,10933,117,34,140,72,100.0,814.0,1072.0,0.0,11296.0
543556,آزادراه قزوين - رشت (رستم‌آباد - امامزاده هاشم),1399/12/17 00:00:00,1399/12/18 00:00:00,1440.0,11268,10891,127,23,141,86,97.0,618.0,1018.0,0.0,11268.0
543556,آزادراه قزوين - رشت (رستم‌آباد - امامزاده هاشم),1399/12/18 00:00:00,1399/12/19 00:00:00,1440.0,11786,11437,111,28,132,78,98.0,791.0,1070.0,0.0,11786.0
543556,آزادراه قزوين - رشت (رستم‌آباد - امامزاده هاشم),1399/12/19 00:00:00,1399/12/19 10:55:00,655.0,4427,4255,71,13,56,32,97.0,271.0,351.0,0.0,13541.0
543556,آزادراه قزوين - رشت (رستم‌آباد - امامزاده هاشم),1399/12/20 08:55:00,1399/12/21 00:00:00,905.0,11601,11268,136,26,95,76,101.0,1022.0,1825.0,0.0,15877.0
543556,آزادراه قزوين - رشت (رستم‌آباد - امامزاده هاشم),1399/12/21 00:00:00,1399/12/22 00:00:00,1440.0,13694,13306,116,27,158,87,99.0,1042.0,1401.0,0.0,13694.0
543556,آزادراه قزوين - رشت (رستم‌آباد - امامزاده هاشم),1399/12/22 00:00:00,1399/12/23 00:00:00,1440.0,9660,9339,77,27,166,51,92.0,299.0,792.0,0.0,9660.0
543556,آزادراه قزوين - رشت (رستم‌آباد - امامزاده هاشم),1399/12/23 00:00:00,1399/12/24 00:00:00,1425.0,11310,10944,91,40,151,84,94.0,583.0,1335.0,0.0,11411.0
543556,آزادراه قزوين - رشت (رستم‌آباد - امامزاده هاشم),1399/12/24 00:00:00,1399/12/25 00:00:00,1440.0,15570,15197,119,41,137,76,100.0,1051.0,2168.0,0.0,15570.0
543556,آزادراه قزوين - رشت (رستم‌آباد - امامزاده هاشم),1399/12/25 00:00:00,1399/12/26 00:00:00,1440.0,16827,16397,131,43,158,98,100.0,1344.0,2434.0,0.0,16827.0
543556,آزادراه قزوين - رشت (رستم‌آباد - امامزاده هاشم),1399/12/26 00:00:00,1399/12/27 00:00:00,1440.0,18259,17776,160,45,176,102,101.0,1606.0,2779.0,0.0,18259.0
543556,آزادراه قزوين - رشت (رستم‌آباد - امامزاده هاشم),1399/12/27 00:00:00,1399/12/28 00:00:00,1400.0,21752,21237,193,46,148,128,101.0,1764.0,4421.0,0.0,22307.0
543556,آزادراه قزوين - رشت (رستم‌آباد - امامزاده هاشم),1399/12/28 00:00:00,1399/12/29 00:00:00,1435.0,31334,30678,257,33,210,156,102.0,2755.0,8780.0,0.0,31417.0
543556,آزادراه قزوين - رشت (رستم‌آباد - امامزاده هاشم),1399/12/29 00:00:00,1399/12/30 00:00:00,1440.0,37741,37017,265,44,214,201,101.0,2582.0,12992.0,0.0,37741.0
543556,آزادراه قزوين - رشت (رستم‌آباد - امامزاده هاشم),1399/12/30 00:00:00,1400/01/01 00:00:00,1440.0,27947,27425,199,34,168,121,102.0,2416.0,7496.0,0.0,27947.0
543556,آزادراه قزوين - رشت (رستم‌آباد - امامزاده هاشم),1400/01/01 00:00:00,1400/01/02 00:00:00,1440.0,37340,36693,309,38,161,139,100.0,2116.0,14407.0,0.0,37340.0
543556,آزادراه قزوين - رشت (رستم‌آباد - امامزاده هاشم),1400/01/02 00:00:00,1400/01/03 00:00:00,1380.0,37015,36374,287,61,152,141,97.0,1501.0,14880.0,0.0,37886.0
543556,آزادراه قزوين - رشت (رستم‌آباد - امامزاده هاشم),1400/01/03 00:00:00,1400/01/04 00:00:00,1440.0,34627,33997,285,44,173,128,99.0,1891.0,12709.0,0.0,34627.0
543556,آزادراه قزوين - رشت (رستم‌آباد - امامزاده هاشم),1400/01/04 00:00:00,1400/01/05 00:00:00,1430.0,31205,30650,243,35,122,155,99.0,1691.0,10620.0,0.0,31533.0
543556,آزادراه قزوين - رشت (رستم‌آباد - امامزاده هاشم),1400/01/05 00:00:00,1400/01/06 00:00:00,1435.0,27135,26601,212,37,149,136,99.0,1535.0,8184.0,0.0,27216.0
543556,آزادراه قزوين - رشت (رستم‌آباد - امامزاده هاشم),1400/01/06 00:00:00,1400/01/07 00:00:00,1440.0,28478,27892,203,50,169,164,99.0,1551.0,8896.0,0.0,28478.0
543556,آزادراه قزوين - رشت (رستم‌آباد - امامزاده هاشم),1400/01/07 00:00:00,1400/01/08 00:00:00,1440.0,27920,27350,214,33,183,140,97.0,1254.0,8088.0,0.0,27920.0
543556,آزادراه قزوين - رشت (رستم‌آباد - امامزاده هاشم),1400/01/08 00:00:00,1400/01/09 00:00:00,1440.0,26548,25992,235,34,149,138,97.0,1261.0,7363.0,0.0,26548.0
543556,آزادراه قزوين - رشت (رستم‌آباد - امامزاده هاشم),1400/01/09 00:00:00,1400/01/10 00:00:00,1440.0,22907,22416,179,29,160,123,99.0,1493.0,5345.0,0.0,22907.0
543556,آزادراه قزوين - رشت (رستم‌آباد - امامزاده هاشم),1400/01/10 00:00:00,1400/01/11 00:00:00,1440.0,19005,18533,164,35,153,120,99.0,1290.0,3512.0,0.0,19005.0
543556,آزادراه قزوين - رشت (رستم‌آباد - امامزاده هاشم),1400/01/11 00:00:00,1400/01/12 00:00:00,1440.0,16784,16329,138,28,173,116,97.0,913.0,2680.0,0.0,16784.0
543556,آزادراه قزوين - رشت (رستم‌آباد - امامزاده هاشم),1400/01/12 00:00:00,1400/01/13 00:00:00,1440.0,12011,11551,99,32,181,148,98.0,796.0,1360.0,0.0,12011.0
543556,آزادراه قزوين - رشت (رستم‌آباد - امامزاده هاشم),1400/01/13 00:00:00,1400/01/14 00:00:00,1440.0,10177,9822,69,18,167,101,95.0,511.0,1541.0,0.0,10177.0
543556,آزادراه قزوين - رشت (رستم‌آباد - امامزاده هاشم),1400/01/14 00:00:00,1400/01/15 00:00:00,1440.0,11533,11108,93,34,178,120,99.0,715.0,1233.0,0.0,11533.0
543556,آزادراه قزوين - رشت (رستم‌آباد - امامزاده هاشم),1400/01/15 00:00:00,1400/01/16 00:00:00,1440.0,11790,11315,134,30,177,134,99.0,777.0,1260.0,0.0,11790.0
543556,آزادراه قزوين - رشت (رستم‌آباد - امامزاده هاشم),1400/01/16 00:00:00,1400/01/17 00:00:00,1340.0,10505,10117,105,26,153,104,99.0,721.0,1063.0,0.0,11275.0
543556,آزادراه قزوين - رشت (رستم‌آباد - امامزاده هاشم),1400/01/17 00:00:00,1400/01/18 00:00:00,1440.0,11561,11172,107,39,129,114,99.0,776.0,1186.0,0.0,11561.0
543556,آزادراه قزوين - رشت (رستم‌آباد - امامزاده هاشم),1400/01/18 00:00:00,1400/01/19 00:00:00,1440.0,12803,12406,138,27,132,100,99.0,909.0,1460.0,0.0,12803.0
543556,آزادراه قزوين - رشت (رستم‌آباد - امامزاده هاشم),1400/01/19 00:00:00,1400/01/20 00:00:00,1440.0,11751,11354,144,32,126,95,99.0,838.0,1140.0,0.0,11751.0
543556,آزادراه قزوين - رشت (رستم‌آباد - امامزاده هاشم),1400/01/20 00:00:00,1400/01/21 00:00:00,1440.0,10428,10058,106,27,119,118,98.0,671.0,1147.0,0.0,10428.0
543556,آزادراه قزوين - رشت (رستم‌آباد - امامزاده هاشم),1400/01/21 00:00:00,1400/01/22 00:00:00,1440.0,9106,8766,106,27,129,78,98.0,634.0,688.0,0.0,9106.0
543556,آزادراه قزوين - رشت (رستم‌آباد - امامزاده هاشم),1400/01/22 00:00:00,1400/01/23 00:00:00,1440.0,8654,8276,133,35,134,76,97.0,497.0,626.0,0.0,8654.0
543556,آزادراه قزوين - رشت (رستم‌آباد - امامزاده هاشم),1400/01/23 00:00:00,1400/01/24 00:00:00,1440.0,8779,8451,95,37,108,88,98.0,575.0,602.0,0.0,8779.0
543556,آزادراه قزوين - رشت (رستم‌آباد - امامزاده هاشم),1400/01/24 00:00:00,1400/01/25 00:00:00,1435.0,9237,8873,126,24,132,82,95.0,570.0,705.0,0.0,9266.0
543556,آزادراه قزوين - رشت (رستم‌آباد - امامزاده هاشم),1400/01/25 00:00:00,1400/01/26 00:00:00,1440.0,10056,9701,106,37,125,87,99.0,767.0,799.0,0.0,10056.0
543556,آزادراه قزوين - رشت (رستم‌آباد - امامزاده هاشم),1400/01/26 00:00:00,1400/01/27 00:00:00,1440.0,9760,9426,111,32,116,75,99.0,634.0,775.0,0.0,9760.0
543556,آزادراه قزوين - رشت (رستم‌آباد - امامزاده هاشم),1400/01/27 00:00:00,1400/01/28 00:00:00,1440.0,8540,8232,96,23,111,78,97.0,522.0,745.0,0.0,8540.0
543556,آزادراه قزوين - رشت (رستم‌آباد - امامزاده هاشم),1400/01/28 00:00:00,1400/01/29 00:00:00,1440.0,8519,8193,102,39,92,93,98.0,519.0,629.0,0.0,8519.0
543556,آزادراه قزوين - رشت (رستم‌آباد - امامزاده هاشم),1400/01/29 00:00:00,1400/01/30 00:00:00,1440.0,8726,8390,109,27,129,71,98.0,584.0,605.0,0.0,8726.0
543556,آزادراه قزوين - رشت (رستم‌آباد - امامزاده هاشم),1400/01/30 00:00:00,1400/01/31 00:00:00,1440.0,8650,8351,110,27,91,71,98.0,578.0,584.0,0.0,8650.0
543556,آزادراه قزوين - رشت (رستم‌آباد - امامزاده هاشم),1400/01/31 00:00:00,1400/02/01 00:00:00,1440.0,9681,9361,129,27,90,74,99.0,641.0,769.0,0.0,9681.0
543556,آزادراه قزوين - رشت (رستم‌آباد - امامزاده هاشم),1398/12/20 10:50:00,1398/12/21 00:00:00,790.0,3398,3293,54,13,24,14,97.0,163.0,181.0,0.0,5157.0
543556,آزادراه قزوين - رشت (رستم‌آباد - امامزاده هاشم),1398/12/21 00:00:00,1398/12/22 00:00:00,1440.0,5599,5410,96,23,48,22,96.0,247.0,306.0,0.0,5599.0
543556,آزادراه قزوين - رشت (رستم‌آباد - امامزاده هاشم),1398/12/22 00:00:00,1398/12/23 00:00:00,1440.0,5795,5609,95,17,53,21,97.0,259.0,292.0,0.0,5795.0
543556,آزادراه قزوين - رشت (رستم‌آباد - امامزاده هاشم),1398/12/23 00:00:00,1398/12/24 00:00:00,1440.0,5300,5122,87,24,58,9,97.0,271.0,268.0,0.0,5300.0
543556,آزادراه قزوين - رشت (رستم‌آباد - امامزاده هاشم),1398/12/24 00:00:00,1398/12/25 00:00:00,1440.0,6783,6566,97,23,73,24,97.0,294.0,421.0,0.0,6783.0
543556,آزادراه قزوين - رشت (رستم‌آباد - امامزاده هاشم),1398/12/25 00:00:00,1398/12/26 00:00:00,1440.0,7565,7327,112,27,74,25,97.0,323.0,502.0,0.0,7565.0
543556,آزادراه قزوين - رشت (رستم‌آباد - امامزاده هاشم),1398/12/26 00:00:00,1398/12/27 00:00:00,1440.0,8626,8399,99,25,71,32,94.0,254.0,647.0,0.0,8626.0
543556,آزادراه قزوين - رشت (رستم‌آباد - امامزاده هاشم),1398/12/27 00:00:00,1398/12/28 00:00:00,1440.0,8839,8611,102,29,80,17,94.0,244.0,600.0,0.0,8839.0
543556,آزادراه قزوين - رشت (رستم‌آباد - امامزاده هاشم),1398/12/28 00:00:00,1398/12/29 00:00:00,1425.0,9177,8979,83,21,69,25,94.0,250.0,701.0,0.0,9271.0
543556,آزادراه قزوين - رشت (رستم‌آباد - امامزاده هاشم),1398/12/29 00:00:00,1399/01/01 00:00:00,1440.0,8949,8648,140,27,101,33,97.0,426.0,841.0,0.0,8949.0
543556,آزادراه قزوين - رشت (رستم‌آباد - امامزاده هاشم),1399/01/01 00:00:00,1399/01/02 00:00:00,1440.0,7064,6962,40,7,42,13,95.0,203.0,511.0,0.0,7064.0
543556,آزادراه قزوين - رشت (رستم‌آباد - امامزاده هاشم),1399/01/02 00:00:00,1399/01/03 00:00:00,1380.0,6723,6615,40,11,43,14,95.0,185.0,488.0,0.0,7974.0
543556,آزادراه قزوين - رشت (رستم‌آباد - امامزاده هاشم),1399/01/03 00:00:00,1399/01/04 00:00:00,1440.0,6311,6194,53,7,52,5,93.0,144.0,397.0,0.0,6311.0
543556,آزادراه قزوين - رشت (رستم‌آباد - امامزاده هاشم),1399/01/04 00:00:00,1399/01/05 00:00:00,1440.0,5758,5641,48,11,51,7,93.0,144.0,330.0,0.0,5758.0
543556,آزادراه قزوين - رشت (رستم‌آباد - امامزاده هاشم),1399/01/05 00:00:00,1399/01/06 00:00:00,1440.0,6756,6629,49,10,58,10,95.0,159.0,415.0,0.0,6756.0
543556,آزادراه قزوين - رشت (رستم‌آباد - امامزاده هاشم),1399/01/06 00:00:00,1399/01/07 00:00:00,1440.0,7595,7431,77,8,64,15,98.0,313.0,548.0,0.0,7595.0
543556,آزادراه قزوين - رشت (رستم‌آباد - امامزاده هاشم),1399/01/07 00:00:00,1399/01/08 00:00:00,1440.0,6769,6590,77,14,67,21,98.0,328.0,466.0,0.0,6769.0
543556,آزادراه قزوين - رشت (رستم‌آباد - امامزاده هاشم),1399/01/08 00:00:00,1399/01/09 00:00:00,1440.0,3577,3426,53,14,62,22,96.0,147.0,127.0,0.0,3577.0
543556,آزادراه قزوين - رشت (رستم‌آباد - امامزاده هاشم),1399/01/09 00:00:00,1399/01/10 00:00:00,1440.0,3421,3260,59,16,69,17,94.0,90.0,120.0,0.0,3421.0
543556,آزادراه قزوين - رشت (رستم‌آباد - امامزاده هاشم),1399/01/10 00:00:00,1399/01/11 00:00:00,1440.0,3109,2970,58,10,54,17,93.0,69.0,95.0,0.0,3109.0
543556,آزادراه قزوين - رشت (رستم‌آباد - امامزاده هاشم),1399/01/11 00:00:00,1399/01/12 00:00:00,1430.0,3133,2993,65,16,47,12,95.0,126.0,101.0,0.0,3152.0
543556,آزادراه قزوين - رشت (رستم‌آباد - امامزاده هاشم),1399/01/12 00:00:00,1399/01/13 00:00:00,1440.0,2568,2441,43,13,54,17,94.0,80.0,74.0,0.0,2568.0
543556,آزادراه قزوين - رشت (رستم‌آباد - امامزاده هاشم),1399/01/13 00:00:00,1399/01/14 00:00:00,1440.0,1399,1330,24,5,25,15,93.0,52.0,35.0,0.0,1399.0
543556,آزادراه قزوين - رشت (رستم‌آباد - امامزاده هاشم),1399/01/14 00:00:00,1399/01/15 00:00:00,1440.0,2945,2806,52,15,48,24,95.0,88.0,91.0,0.0,2945.0
543556,آزادراه قزوين - رشت (رستم‌آباد - امامزاده هاشم),1399/01/15 00:00:00,1399/01/16 00:00:00,1440.0,3343,3178,35,7,94,29,96.0,105.0,116.0,0.0,3343.0
543556,آزادراه قزوين - رشت (رستم‌آباد - امامزاده هاشم),1399/01/16 00:00:00,1399/01/17 00:00:00,1440.0,4403,4141,106,21,108,27,94.0,158.0,180.0,0.0,4403.0
543556,آزادراه قزوين - رشت (رستم‌آباد - امامزاده هاشم),1399/01/17 00:00:00,1399/01/18 00:00:00,1440.0,4385,4178,79,21,80,27,94.0,135.0,179.0,0.0,4385.0
543556,آزادراه قزوين - رشت (رستم‌آباد - امامزاده هاشم),1399/01/18 00:00:00,1399/01/19 00:00:00,1440.0,4347,4133,82,22,81,29,94.0,135.0,193.0,0.0,4347.0
543556,آزادراه قزوين - رشت (رستم‌آباد - امامزاده هاشم),1399/01/19 00:00:00,1399/01/20 00:00:00,1430.0,4530,3955,272,101,129,73,89.0,108.0,195.0,0.0,4602.0
543556,آزادراه قزوين - رشت (رستم‌آباد - امامزاده هاشم),1399/01/20 00:00:00,1399/01/21 00:00:00,1440.0,4552,4323,93,27,89,20,93.0,137.0,178.0,0.0,4552.0
543556,آزادراه قزوين - رشت (رستم‌آباد - امامزاده هاشم),1399/01/21 00:00:00,1399/01/22 00:00:00,1440.0,3763,3555,85,21,74,28,96.0,185.0,136.0,0.0,3763.0
543556,آزادراه قزوين - رشت (رستم‌آباد - امامزاده هاشم),1399/01/22 00:00:00,1399/01/23 00:00:00,1440.0,3935,3760,54,14,92,15,94.0,120.0,176.0,0.0,3935.0
543556,آزادراه قزوين - رشت (رستم‌آباد - امامزاده هاشم),1399/01/23 00:00:00,1399/01/24 00:00:00,1440.0,5599,5396,59,21,89,34,95.0,153.0,279.0,0.0,5599.0
543556,آزادراه قزوين - رشت (رستم‌آباد - امامزاده هاشم),1399/01/24 00:00:00,1399/01/25 00:00:00,1440.0,5574,5355,77,23,97,22,94.0,160.0,260.0,0.0,5574.0
543556,آزادراه قزوين - رشت (رستم‌آباد - امامزاده هاشم),1399/01/25 00:00:00,1399/01/26 00:00:00,1360.0,4930,4692,112,20,82,24,93.0,166.0,224.0,0.0,5142.0
543556,آزادراه قزوين - رشت (رستم‌آباد - امامزاده هاشم),1399/01/26 00:00:00,1399/01/27 00:00:00,1440.0,6029,5801,89,20,89,30,96.0,231.0,345.0,0.0,6029.0
543556,آزادراه قزوين - رشت (رستم‌آباد - امامزاده هاشم),1399/01/27 00:00:00,1399/01/28 00:00:00,1440.0,6520,6262,113,19,90,36,96.0,300.0,369.0,0.0,6520.0
543556,آزادراه قزوين - رشت (رستم‌آباد - امامزاده هاشم),1399/01/28 00:00:00,1399/01/29 00:00:00,1440.0,7090,6762,156,39,99,34,98.0,389.0,477.0,0.0,7090.0
543556,آزادراه قزوين - رشت (رستم‌آباد - امامزاده هاشم),1399/01/29 00:00:00,1399/01/30 00:00:00,1440.0,6303,6037,118,21,85,42,96.0,239.0,418.0,0.0,6303.0
543556,آزادراه قزوين - رشت (رستم‌آباد - امامزاده هاشم),1399/01/30 00:00:00,1399/01/31 00:00:00,1440.0,7294,7010,115,24,100,45,96.0,318.0,434.0,0.0,7294.0
543556,آزادراه قزوين - رشت (رستم‌آباد - امامزاده هاشم),1399/01/31 00:00:00,1399/02/01 00:00:00,1440.0,8377,8081,122,34,106,34,97.0,330.0,662.0,0.0,8377.0
543556,آزادراه قزوين - رشت (رستم‌آباد - امامزاده هاشم),1401/01/01 00:00:00,1401/01/02 00:00:00,1435.0,55556,55225,92,179,57,3,76.0,46.0,4524.0,0.0,55849.0
543556,آزادراه قزوين - رشت (رستم‌آباد - امامزاده هاشم),1401/01/02 01:05:00,1401/01/03 00:00:00,1370.0,50579,50242,96,169,67,5,74.0,60.0,4313.0,0.0,51606.0
543556,آزادراه قزوين - رشت (رستم‌آباد - امامزاده هاشم),1401/01/03 00:00:00,1401/01/04 00:00:00,1440.0,46023,45626,118,208,69,2,81.0,93.0,4869.0,0.0,46023.0
543556,آزادراه قزوين - رشت (رستم‌آباد - امامزاده هاشم),1401/01/04 00:00:00,1401/01/05 00:00:00,1340.0,36095,35809,69,127,85,5,86.0,191.0,2674.0,0.0,39979.0
543556,آزادراه قزوين - رشت (رستم‌آباد - امامزاده هاشم),1401/01/05 00:00:00,1401/01/06 00:00:00,1395.0,43215,42860,96,149,101,9,90.0,208.0,4279.0,0.0,43772.0
543556,آزادراه قزوين - رشت (رستم‌آباد - امامزاده هاشم),1401/01/06 00:00:00,1401/01/07 00:00:00,1385.0,40439,40114,96,140,84,5,90.0,197.0,3634.0,0.0,42191.0
543556,آزادراه قزوين - رشت (رستم‌آباد - امامزاده هاشم),1401/01/07 00:00:00,1401/01/08 00:00:00,1400.0,45201,44826,110,145,115,5,90.0,353.0,4494.0,0.0,46776.0
543556,آزادراه قزوين - رشت (رستم‌آباد - امامزاده هاشم),1401/01/08 00:00:00,1401/01/09 00:00:00,1430.0,43931,43590,95,146,91,9,88.0,311.0,4329.0,0.0,44084.0
543556,آزادراه قزوين - رشت (رستم‌آباد - امامزاده هاشم),1401/01/09 00:00:00,1401/01/10 00:00:00,1440.0,37336,36997,95,116,123,5,91.0,327.0,3142.0,0.0,37336.0
543556,آزادراه قزوين - رشت (رستم‌آباد - امامزاده هاشم),1401/01/10 00:00:00,1401/01/11 00:00:00,1395.0,32055,31725,77,138,112,3,92.0,337.0,2626.0,0.0,33480.0
543556,آزادراه قزوين - رشت (رستم‌آباد - امامزاده هاشم),1401/01/11 00:00:00,1401/01/12 00:00:00,1305.0,25019,24694,71,112,135,7,93.0,326.0,1581.0,0.0,27905.0
543556,آزادراه قزوين - رشت (رستم‌آباد - امامزاده هاشم),1401/01/12 00:00:00,1401/01/13 00:00:00,1430.0,19667,19341,58,133,130,5,93.0,272.0,825.0,0.0,19828.0
543556,آزادراه قزوين - رشت (رستم‌آباد - امامزاده هاشم),1401/01/13 00:00:00,1401/01/14 00:00:00,1435.0,16663,16428,51,97,82,5,87.0,151.0,691.0,0.0,16682.0
543556,آزادراه قزوين - رشت (رستم‌آباد - امامزاده هاشم),1401/01/14 00:00:00,1401/01/15 00:00:00,1430.0,15169,14849,54,139,122,5,94.0,199.0,428.0,0.0,15343.0
543556,آزادراه قزوين - رشت (رستم‌آباد - امامزاده هاشم),1401/01/15 00:00:00,1401/01/16 00:00:00,1395.0,15084,14761,57,117,144,5,94.0,207.0,418.0,0.0,15417.0
543556,آزادراه قزوين - رشت (رستم‌آباد - امامزاده هاشم),1401/01/16 00:00:00,1401/01/17 00:00:00,1440.0,14832,14555,48,107,118,4,93.0,204.0,361.0,0.0,14832.0
543556,آزادراه قزوين - رشت (رستم‌آباد - امامزاده هاشم),1401/01/17 00:00:00,1401/01/18 00:00:00,1440.0,17453,17199,43,96,104,11,94.0,287.0,582.0,0.0,17453.0
543556,آزادراه قزوين - رشت (رستم‌آباد - امامزاده هاشم),1401/01/18 00:00:00,1401/01/19 00:00:00,1440.0,17549,17294,53,87,101,14,93.0,273.0,508.0,0.0,17549.0
543556,آزادراه قزوين - رشت (رستم‌آباد - امامزاده هاشم),1401/01/19 00:00:00,1401/01/20 00:00:00,1440.0,16007,15723,72,109,98,5,93.0,238.0,524.0,0.0,16007.0
543556,آزادراه قزوين - رشت (رستم‌آباد - امامزاده هاشم),1401/01/20 00:00:00,1401/01/21 00:00:00,1360.0,12605,12381,35,92,88,9,93.0,160.0,250.0,0.0,15533.0
543556,آزادراه قزوين - رشت (رستم‌آباد - امامزاده هاشم),1401/01/21 00:00:00,1401/01/22 00:00:00,1395.0,13046,12815,67,80,79,5,93.0,181.0,292.0,0.0,13283.0
543556,آزادراه قزوين - رشت (رستم‌آباد - امامزاده هاشم),1401/01/22 00:00:00,1401/01/23 00:00:00,1410.0,13527,13299,62,86,74,6,93.0,219.0,306.0,0.0,13772.0
543556,آزادراه قزوين - رشت (رستم‌آباد - امامزاده هاشم),1401/01/23 00:00:00,1401/01/24 00:00:00,1435.0,14901,14677,52,67,96,9,95.0,226.0,373.0,0.0,14972.0
543556,آزادراه قزوين - رشت (رستم‌آباد - امامزاده هاشم),1401/01/24 00:00:00,1401/01/25 00:00:00,1340.0,19206,18975,60,78,89,4,95.0,283.0,902.0,0.0,19937.0
543556,آزادراه قزوين - رشت (رستم‌آباد - امامزاده هاشم),1401/01/25 00:00:00,1401/01/26 00:00:00,1390.0,19745,19491,63,92,85,14,95.0,357.0,721.0,0.0,20693.0
543556,آزادراه قزوين - رشت (رستم‌آباد - امامزاده هاشم),1401/01/26 00:00:00,1401/01/27 00:00:00,1395.0,16960,16692,65,82,108,13,93.0,237.0,655.0,0.0,17931.0
543556,آزادراه قزوين - رشت (رستم‌آباد - امامزاده هاشم),1401/01/27 00:00:00,1401/01/28 00:00:00,1400.0,13316,13107,48,74,79,8,95.0,229.0,264.0,0.0,13894.0
543556,آزادراه قزوين - رشت (رستم‌آباد - امامزاده هاشم),1401/01/28 00:00:00,1401/01/29 00:00:00,1440.0,13754,13532,47,87,83,5,94.0,203.0,293.0,0.0,13754.0
543556,آزادراه قزوين - رشت (رستم‌آباد - امامزاده هاشم),1401/01/29 00:00:00,1401/01/30 00:00:00,1435.0,13750,13525,53,89,78,5,94.0,216.0,324.0,0.0,13806.0
543556,آزادراه قزوين - رشت (رستم‌آباد - امامزاده هاشم),1401/01/30 00:00:00,1401/01/31 00:00:00,1440.0,15307,15076,54,92,75,10,94.0,222.0,450.0,0.0,15307.0
543556,آزادراه قزوين - رشت (رستم‌آباد - امامزاده هاشم),1401/01/31 00:00:00,1401/02/01 00:00:00,1390.0,24019,23766,68,83,89,13,95.0,424.0,1714.0,0.0,24727.0
543556,آزادراه قزوين - رشت (رستم‌آباد - امامزاده هاشم),1400/12/01 00:00:00,1400/12/02 00:00:00,1440.0,16317,15334,682,80,171,50,93.0,281.0,640.0,0.0,16317.0
543556,آزادراه قزوين - رشت (رستم‌آباد - امامزاده هاشم),1400/12/02 00:00:00,1400/12/03 00:00:00,1360.0,17761,17299,203,69,166,24,94.0,359.0,844.0,0.0,18647.0
543556,آزادراه قزوين - رشت (رستم‌آباد - امامزاده هاشم),1400/12/03 00:00:00,1400/12/04 00:00:00,1440.0,20316,19833,229,90,137,27,97.0,604.0,1081.0,0.0,20316.0
543556,آزادراه قزوين - رشت (رستم‌آباد - امامزاده هاشم),1400/12/04 00:00:00,1400/12/05 00:00:00,1440.0,24611,24165,166,100,155,25,97.0,809.0,1418.0,0.0,24611.0
543556,آزادراه قزوين - رشت (رستم‌آباد - امامزاده هاشم),1400/12/05 00:00:00,1400/12/06 00:00:00,1390.0,25601,25234,129,82,143,13,97.0,700.0,1598.0,0.0,26403.0
543556,آزادراه قزوين - رشت (رستم‌آباد - امامزاده هاشم),1400/12/06 00:00:00,1400/12/07 00:00:00,1440.0,22152,21661,201,59,197,34,101.0,1925.0,1401.0,0.0,22152.0
543556,آزادراه قزوين - رشت (رستم‌آباد - امامزاده هاشم),1400/12/07 00:00:00,1400/12/08 00:00:00,1400.0,19987,19530,176,70,173,38,100.0,1478.0,818.0,0.0,20549.0
543556,آزادراه قزوين - رشت (رستم‌آباد - امامزاده هاشم),1400/12/08 00:00:00,1400/12/09 00:00:00,1250.0,14808,14430,153,52,142,31,100.0,1409.0,580.0,0.0,18414.0
543556,آزادراه قزوين - رشت (رستم‌آباد - امامزاده هاشم),1400/12/09 00:00:00,1400/12/10 00:00:00,1395.0,22613,22296,86,62,151,18,100.0,1130.0,1171.0,0.0,23802.0
543556,آزادراه قزوين - رشت (رستم‌آباد - امامزاده هاشم),1400/12/10 00:00:00,1400/12/11 00:00:00,1435.0,29322,28981,96,82,153,10,99.0,588.0,1646.0,0.0,29357.0
543556,آزادراه قزوين - رشت (رستم‌آباد - امامزاده هاشم),1400/12/11 00:00:00,1400/12/12 00:00:00,1440.0,22355,22061,62,63,146,23,98.0,463.0,1061.0,0.0,22355.0
543556,آزادراه قزوين - رشت (رستم‌آباد - امامزاده هاشم),1400/12/12 00:00:00,1400/12/13 00:00:00,1410.0,24184,23928,65,83,105,3,98.0,504.0,895.0,0.0,24497.0
543556,آزادراه قزوين - رشت (رستم‌آباد - امامزاده هاشم),1400/12/13 00:00:00,1400/12/14 00:00:00,1260.0,17273,17011,60,87,112,3,98.0,391.0,503.0,0.0,20512.0
543556,آزادراه قزوين - رشت (رستم‌آباد - امامزاده هاشم),1400/12/14 00:00:00,1400/12/15 00:00:00,1395.0,18182,17931,47,74,121,9,97.0,305.0,396.0,0.0,18371.0
543556,آزادراه قزوين - رشت (رستم‌آباد - امامزاده هاشم),1400/12/15 00:00:00,1400/12/16 00:00:00,1385.0,16772,16521,58,97,89,7,97.0,299.0,390.0,0.0,17628.0
543556,آزادراه قزوين - رشت (رستم‌آباد - امامزاده هاشم),1400/12/16 00:00:00,1400/12/17 00:00:00,1390.0,14914,14679,51,101,82,1,93.0,195.0,260.0,0.0,15865.0
543556,آزادراه قزوين - رشت (رستم‌آباد - امامزاده هاشم),1400/12/17 00:00:00,1400/12/18 00:00:00,1440.0,16538,16309,45,120,58,6,96.0,314.0,346.0,0.0,19374.0
543556,آزادراه قزوين - رشت (رستم‌آباد - امامزاده هاشم),1400/12/18 00:00:00,1400/12/19 00:00:00,1440.0,19773,19502,71,131,68,1,94.0,219.0,449.0,0.0,22652.0
543556,آزادراه قزوين - رشت (رستم‌آباد - امامزاده هاشم),1400/12/19 00:00:00,1400/12/20 00:00:00,1440.0,20614,20354,59,138,59,4,92.0,134.0,373.0,0.0,20614.0
543556,آزادراه قزوين - رشت (رستم‌آباد - امامزاده هاشم),1400/12/20 00:00:00,1400/12/21 00:00:00,885.0,13729,13558,35,60,71,5,98.0,208.0,361.0,0.0,19402.0
543556,آزادراه قزوين - رشت (رستم‌آباد - امامزاده هاشم),1400/12/21 00:00:00,1400/12/22 00:00:00,1420.0,16636,16182,121,146,95,92,92.0,136.0,466.0,0.0,16777.0
543556,آزادراه قزوين - رشت (رستم‌آباد - امامزاده هاشم),1400/12/22 00:00:00,1400/12/23 00:00:00,1440.0,20136,19862,67,112,87,8,92.0,168.0,521.0,0.0,20136.0
543556,آزادراه قزوين - رشت (رستم‌آباد - امامزاده هاشم),1400/12/23 00:00:00,1400/12/24 00:00:00,1395.0,22810,22563,54,133,59,1,87.0,150.0,745.0,0.0,23324.0
543556,آزادراه قزوين - رشت (رستم‌آباد - امامزاده هاشم),1400/12/24 00:00:00,1400/12/25 00:00:00,1405.0,25683,25393,59,144,83,4,88.0,106.0,933.0,0.0,26570.0
543556,آزادراه قزوين - رشت (رستم‌آباد - امامزاده هاشم),1400/12/25 00:00:00,1400/12/26 00:00:00,1440.0,29800,29529,61,141,65,4,88.0,82.0,1523.0,0.0,29800.0
543556,آزادراه قزوين - رشت (رستم‌آباد - امامزاده هاشم),1400/12/26 00:00:00,1400/12/27 00:00:00,1420.0,38496,38157,84,131,113,11,95.0,368.0,3250.0,0.0,39120.0
543556,آزادراه قزوين - رشت (رستم‌آباد - امامزاده هاشم),1400/12/27 00:00:00,1400/12/28 00:00:00,1395.0,46557,46205,97,146,107,2,92.0,415.0,4762.0,0.0,48471.0
543556,آزادراه قزوين - رشت (رستم‌آباد - امامزاده هاشم),1400/12/28 00:00:00,1400/12/29 00:00:00,1425.0,47402,47042,77,182,97,4,85.0,179.0,3717.0,0.0,47673.0
543556,آزادراه قزوين - رشت (رستم‌آباد - امامزاده هاشم),1400/12/29 00:00:00,1401/01/01 00:00:00,1350.0,45852,45506,100,164,77,5,82.0,94.0,3898.0,0.0,49012.0
543556,آزادراه قزوين - رشت (رستم‌آباد - امامزاده هاشم),1402/01/01 00:00:00,1402/01/02 00:00:00,1395.0,53312,52903,189,85,131,4,76.0,86.0,7011.0,0.0,55391.0
543556,آزادراه قزوين - رشت (رستم‌آباد - امامزاده هاشم),1402/01/02 01:05:00,1402/01/03 00:00:00,1280.0,45866,45489,159,87,128,3,74.0,43.0,4885.0,0.0,51423.0
543556,آزادراه قزوين - رشت (رستم‌آباد - امامزاده هاشم),1402/01/03 00:00:00,1402/01/04 00:00:00,1425.0,56434,55771,348,126,185,4,83.0,191.0,10627.0,0.0,56816.0
543556,آزادراه قزوين - رشت (رستم‌آباد - امامزاده هاشم),1402/01/04 00:00:00,1402/01/05 00:00:00,1385.0,49951,49307,339,103,198,4,84.0,184.0,9099.0,0.0,51878.0
543556,آزادراه قزوين - رشت (رستم‌آباد - امامزاده هاشم),1402/01/05 00:00:00,1402/01/06 00:00:00,1395.0,46856,46244,326,107,174,5,85.0,171.0,7957.0,0.0,49082.0
543556,آزادراه قزوين - رشت (رستم‌آباد - امامزاده هاشم),1402/01/06 00:00:00,1402/01/07 00:00:00,1360.0,45917,45341,288,111,173,4,86.0,190.0,8013.0,0.0,47835.0
543556,آزادراه قزوين - رشت (رستم‌آباد - امامزاده هاشم),1402/01/07 00:00:00,1402/01/08 00:00:00,1305.0,42452,41929,259,93,168,3,86.0,177.0,6993.0,0.0,46893.0
543556,آزادراه قزوين - رشت (رستم‌آباد - امامزاده هاشم),1402/01/08 00:00:00,1402/01/09 00:00:00,1390.0,43652,43069,288,119,171,5,86.0,187.0,7385.0,0.0,45434.0
543556,آزادراه قزوين - رشت (رستم‌آباد - امامزاده هاشم),1402/01/09 00:00:00,1402/01/10 00:00:00,1345.0,40607,40089,260,83,168,7,87.0,193.0,6162.0,0.0,42319.0
543556,آزادراه قزوين - رشت (رستم‌آباد - امامزاده هاشم),1402/01/10 00:00:00,1402/01/11 00:00:00,1440.0,36015,35509,219,95,189,3,88.0,129.0,4398.0,0.0,36015.0
543556,آزادراه قزوين - رشت (رستم‌آباد - امامزاده هاشم),1402/01/11 00:00:00,1402/01/12 00:00:00,1050.0,20853,20560,73,73,144,3,82.0,27.0,1390.0,0.0,27189.0
543556,آزادراه قزوين - رشت (رستم‌آباد - امامزاده هاشم),1402/01/12 00:00:00,1402/01/13 00:00:00,1435.0,18917,18557,97,77,185,1,86.0,55.0,952.0,0.0,19005.0
543556,آزادراه قزوين - رشت (رستم‌آباد - امامزاده هاشم),1402/01/13 00:00:00,1402/01/14 00:00:00,1425.0,16538,16263,87,62,122,4,84.0,55.0,1083.0,0.0,16625.0
543556,آزادراه قزوين - رشت (رستم‌آباد - امامزاده هاشم),1402/01/14 00:00:00,1402/01/15 00:00:00,1420.0,16153,15821,74,88,167,3,88.0,59.0,800.0,0.0,16404.0
543556,آزادراه قزوين - رشت (رستم‌آباد - امامزاده هاشم),1402/01/15 00:00:00,1402/01/16 00:00:00,1375.0,16144,15784,99,93,160,8,88.0,71.0,797.0,0.0,17265.0
543556,آزادراه قزوين - رشت (رستم‌آباد - امامزاده هاشم),1402/01/16 00:00:00,1402/01/17 00:00:00,1325.0,17098,16780,93,66,156,3,89.0,90.0,916.0,0.0,18688.0
543556,آزادراه قزوين - رشت (رستم‌آباد - امامزاده هاشم),1402/01/17 00:00:00,1402/01/18 00:00:00,1425.0,18808,18486,93,75,150,4,89.0,109.0,1030.0,0.0,18992.0
543556,آزادراه قزوين - رشت (رستم‌آباد - امامزاده هاشم),1402/01/18 00:00:00,1402/01/19 00:00:00,1365.0,17334,16974,99,74,179,8,88.0,84.0,1005.0,0.0,18409.0
543556,آزادراه قزوين - رشت (رستم‌آباد - امامزاده هاشم),1402/01/19 00:00:00,1402/01/20 00:00:00,1430.0,15676,15376,99,66,133,2,89.0,80.0,611.0,0.0,15719.0
543556,آزادراه قزوين - رشت (رستم‌آباد - امامزاده هاشم),1402/01/20 00:00:00,1402/01/21 00:00:00,1360.0,14319,14057,81,54,124,3,88.0,65.0,542.0,0.0,15093.0
543556,آزادراه قزوين - رشت (رستم‌آباد - امامزاده هاشم),1402/01/21 00:00:00,1402/01/21 20:55:00,1245.0,13835,13590,76,51,113,5,89.0,54.0,574.0,0.0,17310.0
543556,آزادراه قزوين - رشت (رستم‌آباد - امامزاده هاشم),1402/01/22 00:20:00,1402/01/23 00:00:00,1420.0,24423,24088,132,57,142,4,91.0,119.0,2069.0,0.0,24575.0
543556,آزادراه قزوين - رشت (رستم‌آباد - امامزاده هاشم),1402/01/23 00:00:00,1402/01/24 00:00:00,1320.0,25682,25399,107,66,107,3,91.0,158.0,2191.0,0.0,28036.0
543556,آزادراه قزوين - رشت (رستم‌آباد - امامزاده هاشم),1402/01/24 00:00:00,1402/01/25 00:00:00,1440.0,16122,15880,73,57,110,2,90.0,118.0,644.0,0.0,16122.0
543556,آزادراه قزوين - رشت (رستم‌آباد - امامزاده هاشم),1402/01/25 00:00:00,1402/01/26 00:00:00,1360.0,17030,16728,113,61,124,4,88.0,89.0,1081.0,0.0,18678.0
543556,آزادراه قزوين - رشت (رستم‌آباد - امامزاده هاشم),1402/01/26 00:00:00,1402/01/27 00:00:00,1410.0,15320,15023,96,60,133,8,88.0,64.0,610.0,0.0,15713.0
543556,آزادراه قزوين - رشت (رستم‌آباد - امامزاده هاشم),1402/01/27 00:00:00,1402/01/28 00:00:00,1370.0,13778,13524,83,67,98,6,87.0,61.0,458.0,0.0,14706.0
543556,آزادراه قزوين - رشت (رستم‌آباد - امامزاده هاشم),1402/01/28 00:00:00,1402/01/29 00:00:00,1430.0,15077,14794,94,65,116,8,88.0,65.0,516.0,0.0,15132.0
543556,آزادراه قزوين - رشت (رستم‌آباد - امامزاده هاشم),1402/01/29 00:00:00,1402/01/30 00:00:00,1440.0,19663,19348,106,73,129,7,90.0,107.0,1110.0,0.0,19663.0
543556,آزادراه قزوين - رشت (رستم‌آباد - امامزاده هاشم),1402/01/30 00:00:00,1402/01/31 00:00:00,1390.0,37631,37178,222,79,146,6,88.0,163.0,6032.0,0.0,39675.0
543556,آزادراه قزوين - رشت (رستم‌آباد - امامزاده هاشم),1402/01/31 00:00:00,1402/02/01 00:00:00,1395.0,63289,62617,357,146,166,3,85.0,252.0,12957.0,0.0,65713.0
543556,آزادراه رودبار - امام زاده هاشم,1396/01/01 00:00:00,1396/01/02 00:00:00,1430.0,38991,38483,179,35,106,188,96.55,13188.0,11878.0,0.0,39217.0
543556,آزادراه رودبار - امام زاده هاشم,1396/01/02 00:00:00,1396/01/03 00:00:00,1315.0,34582,34014,204,30,97,237,95.1,11688.0,10639.0,0.0,37084.0
543556,آزادراه رودبار - امام زاده هاشم,1396/01/03 00:00:00,1396/01/04 00:00:00,1430.0,31646,31148,157,29,120,192,94.24,8271.0,7466.0,0.0,31855.0
543556,آزادراه رودبار - امام زاده هاشم,1396/01/04 00:00:00,1396/01/05 00:00:00,1430.0,28210,27581,293,21,109,206,92.69,6735.0,6233.0,0.0,28392.0
543556,آزادراه رودبار - امام زاده هاشم,1396/01/05 00:00:00,1396/01/06 00:00:00,1430.0,30726,30175,211,28,115,197,97.91,8949.0,7821.0,0.0,30912.0
543556,آزادراه رودبار - امام زاده هاشم,1396/01/06 00:00:00,1396/01/07 00:00:00,1430.0,34297,33761,206,27,99,204,98.09,10607.0,9486.0,0.0,34496.0
543556,آزادراه رودبار - امام زاده هاشم,1396/01/07 00:10:00,1396/01/08 00:00:00,1365.0,35257,34820,119,19,118,181,98.04,11365.0,10102.0,0.0,36301.0
543556,آزادراه رودبار - امام زاده هاشم,1396/01/08 00:10:00,1396/01/09 00:00:00,1425.0,34751,34223,180,29,115,204,96.78,10294.0,9134.0,0.0,35055.0
543556,آزادراه رودبار - امام زاده هاشم,1396/01/09 00:00:00,1396/01/10 00:00:00,1425.0,31126,30506,226,64,127,203,99.45,8988.0,7441.0,0.0,31402.0
543556,آزادراه رودبار - امام زاده هاشم,1396/01/10 00:00:00,1396/01/11 00:00:00,1430.0,27437,26950,133,37,106,211,98.7,6682.0,5394.0,0.0,27622.0
543556,آزادراه رودبار - امام زاده هاشم,1396/01/11 00:00:00,1396/01/12 00:00:00,1430.0,21758,21202,115,37,162,242,97.17,4387.0,3364.0,0.0,21913.0
543556,آزادراه رودبار - امام زاده هاشم,1396/01/12 00:00:00,1396/01/13 00:00:00,1425.0,12711,12190,63,29,171,258,94.2,1714.0,1052.0,0.0,12843.0
543556,آزادراه رودبار - امام زاده هاشم,1396/01/13 00:00:00,1396/01/14 00:00:00,1415.0,11563,11125,87,23,142,186,88.87,1565.0,1191.0,0.0,11695.0
543556,آزادراه رودبار - امام زاده هاشم,1396/01/14 00:00:00,1396/01/15 00:00:00,1430.0,9739,9193,67,35,162,282,93.01,938.0,504.0,0.0,9836.0
543556,آزادراه رودبار - امام زاده هاشم,1396/01/15 00:00:00,1396/01/16 00:00:00,1425.0,9718,9283,78,17,166,174,96.25,1088.0,614.0,0.0,9791.0
543556,آزادراه رودبار - امام زاده هاشم,1396/01/16 00:00:00,1396/01/17 00:00:00,1430.0,11199,10797,80,20,132,170,97.17,1393.0,810.0,0.0,11262.0
543556,آزادراه رودبار - امام زاده هاشم,1396/01/17 00:00:00,1396/01/18 00:00:00,1430.0,11976,11604,87,28,93,164,98.0,1634.0,953.0,0.0,12054.0
543556,آزادراه رودبار - امام زاده هاشم,1396/01/18 00:00:00,1396/01/19 00:00:00,1430.0,10564,10146,113,29,110,166,95.67,1284.0,739.0,0.0,10620.0
543556,آزادراه رودبار - امام زاده هاشم,1396/01/19 00:00:00,1396/01/20 00:00:00,1395.0,8946,8597,76,27,104,142,97.72,994.0,486.0,0.0,9298.0
543556,آزادراه رودبار - امام زاده هاشم,1396/01/20 00:00:00,1396/01/21 00:00:00,1425.0,9015,8694,69,23,98,131,97.08,993.0,454.0,0.0,9106.0
543556,آزادراه رودبار - امام زاده هاشم,1396/01/21 00:00:00,1396/01/22 00:00:00,1390.0,11437,11158,65,23,79,112,99.13,1601.0,885.0,0.0,11664.0
543556,آزادراه رودبار - امام زاده هاشم,1396/01/22 00:00:00,1396/01/23 00:00:00,1430.0,14960,14636,71,17,105,131,97.9,2317.0,1484.0,0.0,15119.0
543556,آزادراه رودبار - امام زاده هاشم,1396/01/23 00:15:00,1396/01/24 00:00:00,1420.0,11974,11640,106,29,90,109,98.78,1749.0,927.0,0.0,12078.0
543556,آزادراه رودبار - امام زاده هاشم,1396/01/24 00:00:00,1396/01/25 00:00:00,1430.0,13751,13387,105,26,85,148,98.35,2017.0,1179.0,0.0,13844.0
543556,آزادراه رودبار - امام زاده هاشم,1396/01/25 00:00:00,1396/01/26 00:00:00,1405.0,11448,11147,56,14,97,134,96.12,1457.0,950.0,0.0,11758.0
543556,آزادراه رودبار - امام زاده هاشم,1396/01/26 00:00:00,1396/01/27 00:00:00,1430.0,9010,8600,155,33,77,145,96.59,1125.0,479.0,0.0,9072.0
543556,آزادراه رودبار - امام زاده هاشم,1396/01/27 00:00:00,1396/01/28 00:00:00,1430.0,8148,7816,102,40,72,118,96.39,812.0,305.0,0.0,8199.0
543556,آزادراه رودبار - امام زاده هاشم,1396/01/28 00:00:00,1396/01/29 00:00:00,1160.0,6903,6621,65,9,94,114,95.64,687.0,336.0,0.0,8932.0
543556,آزادراه رودبار - امام زاده هاشم,1396/01/29 00:00:00,1396/01/30 00:00:00,1435.0,9918,9588,96,26,99,109,96.53,1078.0,568.0,0.0,9956.0
543556,آزادراه رودبار - امام زاده هاشم,1396/01/30 00:00:00,1396/01/31 00:00:00,1430.0,13917,13572,91,33,102,119,99.22,2135.0,1282.0,0.0,13982.0
543556,آزادراه رودبار - امام زاده هاشم,1396/01/31 00:00:00,1396/01/31 23:55:00,1415.0,14958,14474,180,40,82,182,99.56,2404.0,1319.0,0.0,15244.0
543556,آزادراه رودبار - امام زاده هاشم,1395/01/01 00:15:00,1395/01/02 02:00:00,1455.0,28547,27864,366,157,105,55,101.79,20110.0,7145.0,0.0,
543556,آزادراه رودبار - امام زاده هاشم,1395/01/02 02:00:00,1395/01/03 00:00:00,1260.0,27595,25583,1562,235,145,70,95.37,15624.0,7798.0,0.0,
543556,آزادراه رودبار - امام زاده هاشم,1395/01/03 00:00:00,1395/01/04 00:00:00,1350.0,27953,26566,994,198,115,80,98.98,18370.0,7995.0,0.0,
543556,آزادراه رودبار - امام زاده هاشم,1395/01/04 00:00:00,1395/01/05 00:00:00,1425.0,28739,27790,638,152,112,47,103.12,20698.0,7803.0,0.0,
543556,آزادراه رودبار - امام زاده هاشم,1395/01/05 00:00:00,1395/01/06 00:00:00,1410.0,25548,24695,554,161,97,41,101.4,17402.0,6264.0,0.0,
543556,آزادراه رودبار - امام زاده هاشم,1395/01/06 00:00:00,1395/01/07 00:00:00,1395.0,23807,23027,501,138,95,46,101.05,15964.0,5924.0,0.0,
543556,آزادراه رودبار - امام زاده هاشم,1395/01/07 00:00:00,1395/01/08 00:00:00,1230.0,21303,19777,1194,199,92,41,100.22,14123.0,5057.0,0.0,
543556,آزادراه رودبار - امام زاده هاشم,1395/01/08 00:00:00,1395/01/09 00:00:00,1365.0,25064,23601,1059,215,115,74,98.87,15968.0,6031.0,0.0,
543556,آزادراه رودبار - امام زاده هاشم,1395/01/09 00:00:00,1395/01/10 00:00:00,1320.0,19021,17601,1058,192,112,58,98.98,12232.0,3244.0,0.0,
543556,آزادراه رودبار - امام زاده هاشم,1395/01/10 00:00:00,1395/01/11 00:00:00,1260.0,17498,16403,764,174,110,47,99.17,10845.0,2905.0,0.0,
543556,آزادراه رودبار - امام زاده هاشم,1395/01/11 00:00:00,1395/01/12 00:00:00,1395.0,14910,14099,438,169,141,63,100.66,10157.0,1986.0,0.0,
543556,آزادراه رودبار - امام زاده هاشم,1395/01/12 00:00:00,1395/01/13 00:00:00,1380.0,11075,10472,244,169,117,73,98.5,7277.0,848.0,0.0,
543556,آزادراه رودبار - امام زاده هاشم,1395/01/13 00:00:00,1395/01/14 00:00:00,1425.0,8559,7989,217,127,143,83,93.92,4707.0,707.0,0.0,
543556,آزادراه رودبار - امام زاده هاشم,1395/01/14 00:00:00,1395/01/15 00:00:00,1410.0,9154,8510,261,174,138,71,100.87,6393.0,654.0,0.0,
543556,آزادراه رودبار - امام زاده هاشم,1395/01/15 00:00:00,1395/01/16 00:00:00,1410.0,8933,8453,161,155,118,46,99.95,6071.0,438.0,0.0,
543556,آزادراه رودبار - امام زاده هاشم,1395/01/16 00:00:00,1395/01/17 00:00:00,1410.0,7577,7170,158,119,84,46,98.84,4883.0,337.0,0.0,
543556,آزادراه رودبار - امام زاده هاشم,1395/01/17 00:00:00,1395/01/18 00:00:00,1410.0,7995,7586,199,116,74,20,101.02,5529.0,381.0,0.0,
543556,آزادراه رودبار - امام زاده هاشم,1395/01/18 00:00:00,1395/01/19 00:00:00,1410.0,10299,9934,178,106,54,27,101.57,7275.0,731.0,0.0,
543556,آزادراه رودبار - امام زاده هاشم,1395/01/19 00:15:00,1395/01/20 00:00:00,1410.0,10962,10607,160,110,69,16,102.67,8080.0,934.0,0.0,
543556,آزادراه رودبار - امام زاده هاشم,1395/01/20 00:15:00,1395/01/21 00:00:00,1410.0,9745,9379,163,107,65,31,101.42,6872.0,658.0,0.0,
543556,آزادراه رودبار - امام زاده هاشم,1395/01/21 00:15:00,1395/01/22 00:00:00,1365.0,7813,7449,192,121,45,6,99.86,5247.0,698.0,0.0,
543556,آزادراه رودبار - امام زاده هاشم,1395/01/22 00:15:00,1395/01/23 00:00:00,1410.0,7571,7231,142,92,75,31,101.03,5251.0,336.0,0.0,
543556,آزادراه رودبار - امام زاده هاشم,1395/01/23 00:15:00,1395/01/24 00:00:00,1410.0,7987,7708,131,80,45,23,101.55,5664.0,428.0,0.0,
543556,آزادراه رودبار - امام زاده هاشم,1395/01/24 00:15:00,1395/01/25 00:00:00,1395.0,7770,7486,120,97,53,14,99.58,5040.0,437.0,0.0,
543556,آزادراه رودبار - امام زاده هاشم,1395/01/25 00:15:00,1395/01/26 00:00:00,1410.0,11108,10813,138,96,49,12,102.67,8069.0,928.0,0.0,
543556,آزادراه رودبار - امام زاده هاشم,1395/01/26 00:15:00,1395/01/27 00:00:00,1410.0,11749,11455,125,93,57,19,101.49,8304.0,849.0,0.0,
543556,آزادراه رودبار - امام زاده هاشم,1395/01/27 00:15:00,1395/01/28 00:00:00,1410.0,8962,8617,177,85,59,24,99.89,6020.0,518.0,0.0,
543556,آزادراه رودبار - امام زاده هاشم,1395/01/28 00:15:00,1395/01/29 00:00:00,1410.0,8146,7818,157,105,53,13,99.29,5371.0,390.0,0.0,
543556,آزادراه رودبار - امام زاده هاشم,1395/01/29 00:15:00,1395/01/30 00:00:00,1410.0,7395,6979,192,131,81,12,98.71,4710.0,299.0,0.0,
543556,آزادراه رودبار - امام زاده هاشم,1395/01/30 00:15:00,1395/01/31 00:00:00,1320.0,7000,6703,133,79,61,24,100.83,4873.0,324.0,0.0,
543556,آزادراه رودبار - امام زاده هاشم,1395/01/31 00:15:00,1395/02/01 00:00:00,1410.0,9976,9544,239,102,78,13,101.63,7106.0,790.0,0.0,
543556,آزادراه رودبار - امام زاده هاشم,1395/12/01 00:10:00,1395/12/02 00:00:00,1385.0,4572,4381,35,11,76,69,97.8,378.0,130.0,0.0,4969.0
543556,آزادراه رودبار - امام زاده هاشم,1395/12/02 00:00:00,1395/12/03 00:00:00,1430.0,7368,7099,38,21,101,109,96.78,688.0,338.0,0.0,7408.0
543556,آزادراه رودبار - امام زاده هاشم,1395/12/03 00:00:00,1395/12/04 00:00:00,1430.0,9398,9084,68,20,106,120,97.96,1126.0,536.0,0.0,9454.0
543556,آزادراه رودبار - امام زاده هاشم,1395/12/04 00:00:00,1395/12/05 00:00:00,1430.0,13550,13209,76,37,99,129,100.94,2337.0,1286.0,0.0,13613.0
543556,آزادراه رودبار - امام زاده هاشم,1395/12/05 00:00:00,1395/12/06 00:00:00,1430.0,14244,13891,116,32,95,110,100.76,2437.0,1184.0,0.0,14338.0
543556,آزادراه رودبار - امام زاده هاشم,1395/12/06 00:00:00,1395/12/07 00:00:00,1430.0,11685,11340,79,28,103,135,98.72,1721.0,889.0,0.0,11749.0
543556,آزادراه رودبار - امام زاده هاشم,1395/12/07 00:00:00,1395/12/08 00:00:00,1435.0,9715,9361,93,21,115,125,98.09,1195.0,485.0,0.0,9748.0
543556,آزادراه رودبار - امام زاده هاشم,1395/12/08 00:00:00,1395/12/09 00:00:00,1430.0,9410,9105,84,23,88,110,96.52,1157.0,540.0,0.0,9468.0
543556,آزادراه رودبار - امام زاده هاشم,1395/12/09 00:00:00,1395/12/10 00:00:00,1435.0,9475,9145,87,29,87,127,97.57,1116.0,470.0,0.0,9511.0
543556,آزادراه رودبار - امام زاده هاشم,1395/12/10 00:00:00,1395/12/11 00:00:00,1430.0,10679,10303,128,37,77,134,98.81,1510.0,684.0,0.0,10741.0
543556,آزادراه رودبار - امام زاده هاشم,1395/12/11 00:00:00,1395/12/12 00:00:00,1430.0,17801,17411,122,27,95,146,100.89,3509.0,2282.0,0.0,17882.0
543556,آزادراه رودبار - امام زاده هاشم,1395/12/12 00:00:00,1395/12/13 00:00:00,1430.0,17804,17488,65,20,110,121,99.2,3058.0,1980.0,0.0,17945.0
543556,آزادراه رودبار - امام زاده هاشم,1395/12/13 00:00:00,1395/12/14 00:00:00,1425.0,10989,10672,67,26,92,132,98.18,1518.0,783.0,0.0,11053.0
543556,آزادراه رودبار - امام زاده هاشم,1395/12/14 00:00:00,1395/12/15 00:00:00,1430.0,9314,8992,68,19,118,117,95.58,948.0,490.0,0.0,9369.0
543556,آزادراه رودبار - امام زاده هاشم,1395/12/15 00:10:00,1395/12/16 00:00:00,1425.0,8816,8508,56,21,97,134,93.65,751.0,343.0,0.0,8896.0
543556,آزادراه رودبار - امام زاده هاشم,1395/12/16 00:00:00,1395/12/17 00:00:00,1430.0,8890,8603,56,17,117,97,95.92,890.0,483.0,0.0,8937.0
543556,آزادراه رودبار - امام زاده هاشم,1395/12/17 00:00:00,1395/12/18 00:00:00,1430.0,9788,9487,70,11,96,124,97.28,1071.0,528.0,0.0,9847.0
543556,آزادراه رودبار - امام زاده هاشم,1395/12/18 00:00:00,1395/12/19 00:00:00,1425.0,12704,12382,62,15,130,115,98.32,1705.0,1000.0,0.0,12822.0
543556,آزادراه رودبار - امام زاده هاشم,1395/12/19 00:00:00,1395/12/20 00:00:00,1430.0,14071,13727,78,20,113,133,99.53,2143.0,1133.0,0.0,14158.0
543556,آزادراه رودبار - امام زاده هاشم,1395/12/20 00:00:00,1395/12/21 00:00:00,1430.0,11809,11466,79,21,108,135,96.97,1488.0,862.0,0.0,11876.0
543556,آزادراه رودبار - امام زاده هاشم,1395/12/21 00:00:00,1395/12/22 00:00:00,1435.0,10362,10058,63,15,120,106,96.59,1042.0,538.0,0.0,10384.0
543556,آزادراه رودبار - امام زاده هاشم,1395/12/22 00:00:00,1395/12/23 00:00:00,1440.0,10425,10111,74,24,98,118,97.33,1184.0,615.0,0.0,10425.0
543556,آزادراه رودبار - امام زاده هاشم,1395/12/23 00:00:00,1395/12/24 00:00:00,1435.0,11498,11183,66,17,113,119,98.78,1523.0,787.0,0.0,11520.0
543556,آزادراه رودبار - امام زاده هاشم,1395/12/24 00:00:00,1395/12/25 00:00:00,1385.0,12137,11761,96,27,121,132,96.67,1479.0,911.0,0.0,12804.0
543556,آزادراه رودبار - امام زاده هاشم,1395/12/25 00:00:00,1395/12/26 00:00:00,1430.0,17380,17023,70,29,107,151,99.72,2992.0,1985.0,0.0,17523.0
543556,آزادراه رودبار - امام زاده هاشم,1395/12/26 00:00:00,1395/12/27 00:00:00,1430.0,25729,25283,93,32,137,184,99.54,5126.0,3909.0,0.0,25863.0
543556,آزادراه رودبار - امام زاده هاشم,1395/12/27 00:00:00,1395/12/28 00:00:00,1430.0,30020,29576,73,19,146,206,99.82,7554.0,6250.0,0.0,30192.0
543556,آزادراه رودبار - امام زاده هاشم,1395/12/28 00:00:00,1395/12/29 00:00:00,1430.0,29096,28596,148,29,111,212,100.41,7040.0,5645.0,0.0,29259.0
543556,آزادراه رودبار - امام زاده هاشم,1395/12/29 00:00:00,1395/12/30 00:00:00,1265.0,34988,34499,130,19,130,210,98.7,10627.0,9349.0,0.0,40963.0
543556,آزادراه رودبار - امام زاده هاشم,1395/12/30 00:00:00,1396/01/01 00:00:00,1430.0,31510,31028,159,34,114,175,98.49,8252.0,6678.0,0.0,31654.0
543556,آزادراه رودبار - امام زاده هاشم,1397/01/01 00:00:00,1397/01/02 00:00:00,1440.0,24856,24555,77,29,72,123,87.0,30.0,9936.0,0.0,24856.0
543556,آزادراه رودبار - امام زاده هاشم,1397/01/02 00:00:00,1397/01/03 00:00:00,1380.0,22790,22484,84,36,91,95,86.0,45.0,9317.0,0.0,23951.0
543556,آزادراه رودبار - امام زاده هاشم,1397/01/03 00:00:00,1397/01/04 00:00:00,1435.0,21497,21168,80,27,123,99,85.0,28.0,8685.0,0.0,22668.0
543556,آزادراه رودبار - امام زاده هاشم,1397/01/04 00:00:00,1397/01/05 00:00:00,1415.0,20963,20631,73,31,113,115,87.0,42.0,7725.0,0.0,21332.0
543556,آزادراه رودبار - امام زاده هاشم,1397/01/05 00:00:00,1397/01/06 00:00:00,1440.0,20074,19768,64,42,90,110,86.0,32.0,6803.0,0.0,20074.0
543556,آزادراه رودبار - امام زاده هاشم,1397/01/06 00:00:00,1397/01/07 00:00:00,1440.0,20165,19881,70,30,95,89,87.0,36.0,7481.0,0.0,20720.0
543556,آزادراه رودبار - امام زاده هاشم,1397/01/07 00:00:00,1397/01/08 00:00:00,1435.0,21938,21666,62,35,95,80,86.0,46.0,8348.0,0.0,22032.0
543556,آزادراه رودبار - امام زاده هاشم,1397/01/08 00:00:00,1397/01/09 00:00:00,1440.0,23057,22747,74,36,110,90,86.0,36.0,9195.0,0.0,23057.0
543556,آزادراه رودبار - امام زاده هاشم,1397/01/09 00:00:00,1397/01/10 00:00:00,1440.0,19301,19016,55,30,100,100,88.0,37.0,6672.0,0.0,21461.0
543556,آزادراه رودبار - امام زاده هاشم,1397/01/10 00:00:00,1397/01/11 00:00:00,1440.0,18574,18233,71,21,103,146,89.0,38.0,5495.0,0.0,18574.0
543556,آزادراه رودبار - امام زاده هاشم,1397/01/11 00:00:00,1397/01/12 00:00:00,1440.0,13600,13304,56,33,128,79,84.0,60.0,3216.0,0.0,13600.0
543556,آزادراه رودبار - امام زاده هاشم,1397/01/12 00:00:00,1397/01/13 00:00:00,1440.0,8941,8619,29,15,123,155,91.0,32.0,1753.0,0.0,8941.0
543556,آزادراه رودبار - امام زاده هاشم,1397/01/13 00:00:00,1397/01/14 00:00:00,1440.0,9373,9077,43,17,126,110,85.0,40.0,1717.0,0.0,9373.0
543556,آزادراه رودبار - امام زاده هاشم,1397/01/14 00:00:00,1397/01/15 00:00:00,1440.0,8209,7857,37,20,140,155,93.0,59.0,1135.0,0.0,8431.0
543556,آزادراه رودبار - امام زاده هاشم,1397/01/15 00:00:00,1397/01/16 00:00:00,1440.0,12945,12504,48,41,192,160,94.0,121.0,1815.0,0.0,12945.0
543556,آزادراه رودبار - امام زاده هاشم,1397/01/16 00:00:00,1397/01/17 00:00:00,1430.0,13052,12622,45,43,182,160,96.0,226.0,1626.0,0.0,13097.0
543556,آزادراه رودبار - امام زاده هاشم,1397/01/17 00:00:00,1397/01/18 00:00:00,1435.0,13207,12712,65,37,226,167,98.0,275.0,1836.0,0.0,13230.0
543556,آزادراه رودبار - امام زاده هاشم,1397/01/18 00:00:00,1397/01/19 00:00:00,1440.0,11094,10700,49,40,170,135,98.0,220.0,1104.0,0.0,13113.0
543556,آزادراه رودبار - امام زاده هاشم,1397/01/19 00:00:00,1397/01/20 00:00:00,1440.0,10523,10184,47,39,142,111,97.0,199.0,1022.0,0.0,10523.0
543556,آزادراه رودبار - امام زاده هاشم,1397/01/20 00:00:00,1397/01/21 00:00:00,1440.0,10667,10317,55,34,132,129,97.0,223.0,1062.0,0.0,10667.0
543556,آزادراه رودبار - امام زاده هاشم,1397/01/21 00:00:00,1397/01/22 00:00:00,1440.0,11517,11193,42,35,139,108,97.0,246.0,1340.0,0.0,11517.0
543556,آزادراه رودبار - امام زاده هاشم,1397/01/22 00:00:00,1397/01/23 00:00:00,1440.0,21416,21033,66,46,148,123,99.0,403.0,5516.0,0.0,21416.0
543556,آزادراه رودبار - امام زاده هاشم,1397/01/23 00:00:00,1397/01/24 00:00:00,1440.0,36218,35803,85,34,154,142,98.0,593.0,12922.0,0.0,36218.0
543556,آزادراه رودبار - امام زاده هاشم,1397/01/24 00:00:00,1397/01/25 00:00:00,1440.0,22763,22334,89,47,152,141,97.0,448.0,5182.0,0.0,22763.0
543556,آزادراه رودبار - امام زاده هاشم,1397/01/25 00:00:00,1397/01/26 00:00:00,1430.0,14693,14341,47,30,146,129,96.0,273.0,2331.0,0.0,14793.0
543556,آزادراه رودبار - امام زاده هاشم,1397/01/26 00:00:00,1397/01/27 00:00:00,1440.0,10802,10446,50,36,148,122,95.0,178.0,950.0,0.0,10802.0
543556,آزادراه رودبار - امام زاده هاشم,1397/01/27 00:00:00,1397/01/28 00:00:00,1440.0,9371,9066,36,41,164,64,97.0,178.0,839.0,0.0,9371.0
543556,آزادراه رودبار - امام زاده هاشم,1397/01/28 00:00:00,1397/01/29 00:00:00,1440.0,10654,10336,46,35,140,97,98.0,213.0,1186.0,0.0,10654.0
543556,آزادراه رودبار - امام زاده هاشم,1397/01/29 00:00:00,1397/01/30 00:00:00,1440.0,14997,14631,51,37,155,123,99.0,356.0,2305.0,0.0,14997.0
543556,آزادراه رودبار - امام زاده هاشم,1397/01/30 00:00:00,1397/01/31 00:00:00,1440.0,16949,16597,63,31,128,130,99.0,424.0,2723.0,0.0,16949.0
543556,آزادراه رودبار - امام زاده هاشم,1397/01/31 00:00:00,1397/02/01 00:00:00,1440.0,15110,14712,77,51,137,133,96.0,262.0,2489.0,0.0,15110.0
543556,آزادراه رودبار - امام زاده هاشم,1396/12/01 00:00:00,1396/12/02 00:00:00,1440.0,10257,10002,33,18,108,96,94.0,58.0,1788.0,0.0,10257.0
543556,آزادراه رودبار - امام زاده هاشم,1396/12/02 00:00:00,1396/12/03 00:00:00,1440.0,8739,8472,46,19,94,108,95.0,75.0,1155.0,0.0,8739.0
543556,آزادراه رودبار - امام زاده هاشم,1396/12/03 00:00:00,1396/12/04 00:00:00,1440.0,9411,9129,44,27,107,104,93.0,58.0,1214.0,0.0,9411.0
543556,آزادراه رودبار - امام زاده هاشم,1396/12/04 00:00:00,1396/12/05 00:00:00,1440.0,8567,8277,46,30,125,89,93.0,67.0,1027.0,0.0,8567.0
543556,آزادراه رودبار - امام زاده هاشم,1396/12/05 00:00:00,1396/12/06 00:00:00,1440.0,7001,6712,43,23,118,105,93.0,38.0,625.0,0.0,7001.0
543556,آزادراه رودبار - امام زاده هاشم,1396/12/06 00:00:00,1396/12/07 00:00:00,1440.0,9941,9631,45,33,142,90,97.0,228.0,988.0,0.0,9941.0
543556,آزادراه رودبار - امام زاده هاشم,1396/12/07 00:00:00,1396/12/08 00:00:00,1440.0,11340,11010,50,36,144,100,96.0,233.0,1235.0,0.0,11340.0
543556,آزادراه رودبار - امام زاده هاشم,1396/12/08 00:00:00,1396/12/09 00:00:00,1435.0,11526,11194,52,33,157,90,97.0,267.0,1239.0,0.0,11578.0
543556,آزادراه رودبار - امام زاده هاشم,1396/12/09 00:00:00,1396/12/10 00:00:00,1440.0,16058,15688,78,33,170,89,97.0,340.0,2545.0,0.0,16058.0
543556,آزادراه رودبار - امام زاده هاشم,1396/12/10 00:00:00,1396/12/11 00:00:00,1440.0,17428,17056,64,43,174,91,99.0,504.0,2764.0,0.0,17428.0
543556,آزادراه رودبار - امام زاده هاشم,1396/12/11 00:00:00,1396/12/12 00:00:00,1440.0,15380,14972,88,36,171,113,97.0,317.0,2354.0,0.0,15380.0
543556,آزادراه رودبار - امام زاده هاشم,1396/12/12 00:00:00,1396/12/13 00:00:00,1440.0,11580,11262,49,27,131,111,98.0,274.0,1229.0,0.0,11580.0
543556,آزادراه رودبار - امام زاده هاشم,1396/12/13 00:00:00,1396/12/14 00:00:00,1440.0,9955,9638,55,28,129,105,97.0,208.0,1019.0,0.0,9955.0
543556,آزادراه رودبار - امام زاده هاشم,1396/12/14 00:00:00,1396/12/15 00:00:00,1440.0,7423,7107,58,31,122,105,95.0,72.0,728.0,0.0,7423.0
543556,آزادراه رودبار - امام زاده هاشم,1396/12/15 00:00:00,1396/12/16 00:00:00,1440.0,6994,6712,61,38,126,57,91.0,94.0,637.0,0.0,7897.0
543556,آزادراه رودبار - امام زاده هاشم,1396/12/16 00:00:00,1396/12/17 00:00:00,1440.0,11677,11309,71,50,179,68,95.0,266.0,1590.0,0.0,11677.0
543556,آزادراه رودبار - امام زاده هاشم,1396/12/17 00:00:00,1396/12/18 00:00:00,1440.0,11384,11024,78,36,148,98,96.0,232.0,1642.0,0.0,11384.0
543556,آزادراه رودبار - امام زاده هاشم,1396/12/18 00:00:00,1396/12/19 00:00:00,1440.0,14286,13927,62,34,135,128,97.0,382.0,2008.0,0.0,14286.0
543556,آزادراه رودبار - امام زاده هاشم,1396/12/19 00:00:00,1396/12/20 00:00:00,1440.0,12010,11658,47,34,147,124,98.0,297.0,1287.0,0.0,12010.0
543556,آزادراه رودبار - امام زاده هاشم,1396/12/20 00:00:00,1396/12/21 00:00:00,1440.0,11718,11375,50,28,181,84,98.0,320.0,1230.0,0.0,11718.0
543556,آزادراه رودبار - امام زاده هاشم,1396/12/21 00:00:00,1396/12/22 00:00:00,1440.0,12373,11992,52,33,210,86,95.0,205.0,1338.0,0.0,12373.0
543556,آزادراه رودبار - امام زاده هاشم,1396/12/22 00:00:00,1396/12/23 00:00:00,1410.0,11913,11558,53,36,194,72,97.0,294.0,1319.0,0.0,12226.0
543556,آزادراه رودبار - امام زاده هاشم,1396/12/23 00:00:00,1396/12/24 00:00:00,1440.0,15276,14908,62,37,206,63,96.0,262.0,2328.0,0.0,15276.0
543556,آزادراه رودبار - امام زاده هاشم,1396/12/24 00:00:00,1396/12/25 00:00:00,1440.0,20074,19661,60,40,198,115,98.0,462.0,3770.0,0.0,20074.0
543556,آزادراه رودبار - امام زاده هاشم,1396/12/25 00:00:00,1396/12/26 00:00:00,1440.0,19037,18598,50,42,195,152,97.0,374.0,3459.0,0.0,19037.0
543556,آزادراه رودبار - امام زاده هاشم,1396/12/26 00:00:00,1396/12/27 00:00:00,1440.0,17827,17395,87,62,164,119,95.0,270.0,3220.0,0.0,17827.0
543556,آزادراه رودبار - امام زاده هاشم,1396/12/27 00:00:00,1396/12/28 00:00:00,1440.0,20789,20341,78,46,164,160,94.0,361.0,4899.0,0.0,20789.0
543556,آزادراه رودبار - امام زاده هاشم,1396/12/28 00:00:00,1396/12/29 00:00:00,1430.0,39132,38612,97,61,173,189,96.0,546.0,15402.0,0.0,39457.0
543556,آزادراه رودبار - امام زاده هاشم,1396/12/29 00:00:00,1397/01/01 00:00:00,1395.0,25157,24667,134,55,132,169,90.0,329.0,9404.0,0.0,26002.0
